currency,month,usd_per_unit
AUD,2000-01-01,0.656
AUD,2000-02-01,0.6278
AUD,2000-03-01,0.6094
AUD,2000-04-01,0.596
AUD,2000-05-01,0.5784
AUD,2000-06-01,0.5949
AUD,2000-07-01,0.587
AUD,2000-08-01,0.5808
AUD,2000-09-01,0.5521
AUD,2000-10-01,0.528
AUD,2000-11-01,0.5218
AUD,2000-12-01,0.5466
AUD,2001-01-01,0.5552
AUD,2001-02-01,0.5338
AUD,2001-03-01,0.5031
AUD,2001-04-01,0.5016
AUD,2001-05-01,0.5199
AUD,2001-06-01,0.518
AUD,2001-07-01,0.5089
AUD,2001-08-01,0.5246
AUD,2001-09-01,0.5036
AUD,2001-10-01,0.5042
AUD,2001-11-01,0.5165
AUD,2001-12-01,0.5138
AUD,2002-01-01,0.517
AUD,2002-02-01,0.5128
AUD,2002-03-01,0.5256
AUD,2002-04-01,0.5352
AUD,2002-05-01,0.5498
AUD,2002-06-01,0.5682
AUD,2002-07-01,0.5538
AUD,2002-08-01,0.5413
AUD,2002-09-01,0.5465
AUD,2002-10-01,0.5502
AUD,2002-11-01,0.5613
AUD,2002-12-01,0.5624
AUD,2003-01-01,0.5829
AUD,2003-02-01,0.5956
AUD,2003-03-01,0.6015
AUD,2003-04-01,0.61
AUD,2003-05-01,0.6468
AUD,2003-06-01,0.6652
AUD,2003-07-01,0.6607
AUD,2003-08-01,0.6518
AUD,2003-09-01,0.6635
AUD,2003-10-01,0.6948
AUD,2003-11-01,0.7158
AUD,2003-12-01,0.7391
AUD,2004-01-01,0.7717
AUD,2004-02-01,0.777
AUD,2004-03-01,0.7496
AUD,2004-04-01,0.7443
AUD,2004-05-01,0.7039
AUD,2004-06-01,0.6937
AUD,2004-07-01,0.7161
AUD,2004-08-01,0.7111
AUD,2004-09-01,0.7028
AUD,2004-10-01,0.7337
AUD,2004-11-01,0.7704
AUD,2004-12-01,0.7675
AUD,2005-01-01,0.7668
AUD,2005-02-01,0.7812
AUD,2005-03-01,0.7848
AUD,2005-04-01,0.7738
AUD,2005-05-01,0.7663
AUD,2005-06-01,0.7667
AUD,2005-07-01,0.7524
AUD,2005-08-01,0.7614
AUD,2005-09-01,0.7651
AUD,2005-10-01,0.7535
AUD,2005-11-01,0.7353
AUD,2005-12-01,0.7423
AUD,2006-01-01,0.7505
AUD,2006-02-01,0.7418
AUD,2006-03-01,0.7266
AUD,2006-04-01,0.7369
AUD,2006-05-01,0.7639
AUD,2006-06-01,0.7399
AUD,2006-07-01,0.7528
AUD,2006-08-01,0.7631
AUD,2006-09-01,0.7549
AUD,2006-10-01,0.7544
AUD,2006-11-01,0.7728
AUD,2006-12-01,0.7858
AUD,2007-01-01,0.7826
AUD,2007-02-01,0.783
AUD,2007-03-01,0.7932
AUD,2007-04-01,0.8273
AUD,2007-05-01,0.8254
AUD,2007-06-01,0.8423
AUD,2007-07-01,0.8677
AUD,2007-08-01,0.8291
AUD,2007-09-01,0.8461
AUD,2007-10-01,0.8996
AUD,2007-11-01,0.8961
AUD,2007-12-01,0.8719
AUD,2008-01-01,0.8823
AUD,2008-02-01,0.9133
AUD,2008-03-01,0.9221
AUD,2008-04-01,0.9309
AUD,2008-05-01,0.9492
AUD,2008-06-01,0.9511
AUD,2008-07-01,0.962
AUD,2008-08-01,0.8815
AUD,2008-09-01,0.8168
AUD,2008-10-01,0.687
AUD,2008-11-01,0.6591
AUD,2008-12-01,0.6719
AUD,2009-01-01,0.6754
AUD,2009-02-01,0.6504
AUD,2009-03-01,0.6666
AUD,2009-04-01,0.7158
AUD,2009-05-01,0.7648
AUD,2009-06-01,0.8025
AUD,2009-07-01,0.8049
AUD,2009-08-01,0.8353
AUD,2009-09-01,0.8622
AUD,2009-10-01,0.9067
AUD,2009-11-01,0.9197
AUD,2009-12-01,0.9021
AUD,2010-01-01,0.9127
AUD,2010-02-01,0.8857
AUD,2010-03-01,0.9123
AUD,2010-04-01,0.9262
AUD,2010-05-01,0.8713
AUD,2010-06-01,0.8539
AUD,2010-07-01,0.8786
AUD,2010-08-01,0.9004
AUD,2010-09-01,0.9398
AUD,2010-10-01,0.9818
AUD,2010-11-01,0.9889
AUD,2010-12-01,0.9929
AUD,2011-01-01,0.9962
AUD,2011-02-01,1.0084
AUD,2011-03-01,1.0113
AUD,2011-04-01,1.0588
AUD,2011-05-01,1.0675
AUD,2011-06-01,1.0617
AUD,2011-07-01,1.0781
AUD,2011-08-01,1.0502
AUD,2011-09-01,1.022
AUD,2011-10-01,1.0168
AUD,2011-11-01,1.0112
AUD,2011-12-01,1.0122
AUD,2012-01-01,1.0415
AUD,2012-02-01,1.0732
AUD,2012-03-01,1.0526
AUD,2012-04-01,1.035
AUD,2012-05-01,0.998
AUD,2012-06-01,0.9986
AUD,2012-07-01,1.03
AUD,2012-08-01,1.0475
AUD,2012-09-01,1.0406
AUD,2012-10-01,1.0298
AUD,2012-11-01,1.0405
AUD,2012-12-01,1.0465
AUD,2013-01-01,1.05
AUD,2013-02-01,1.031
AUD,2013-03-01,1.0345
AUD,2013-04-01,1.038
AUD,2013-05-01,0.9919
AUD,2013-06-01,0.944
AUD,2013-07-01,0.9155
AUD,2013-08-01,0.9037
AUD,2013-09-01,0.9303
AUD,2013-10-01,0.9519
AUD,2013-11-01,0.9324
AUD,2013-12-01,0.898
AUD,2014-01-01,0.8858
AUD,2014-02-01,0.8974
AUD,2014-03-01,0.9089
AUD,2014-04-01,0.9315
AUD,2014-05-01,0.9305
AUD,2014-06-01,0.9365
AUD,2014-07-01,0.9389
AUD,2014-08-01,0.9309
AUD,2014-09-01,0.9042
AUD,2014-10-01,0.8781
AUD,2014-11-01,0.8644
AUD,2014-12-01,0.8257
AUD,2015-01-01,0.8064
AUD,2015-02-01,0.7797
AUD,2015-03-01,0.7724
AUD,2015-04-01,0.774
AUD,2015-05-01,0.7891
AUD,2015-06-01,0.7715
AUD,2015-07-01,0.7407
AUD,2015-08-01,0.7295
AUD,2015-09-01,0.7059
AUD,2015-10-01,0.72
AUD,2015-11-01,0.7146
AUD,2015-12-01,0.7247
AUD,2016-01-01,0.7011
AUD,2016-02-01,0.7134
AUD,2016-03-01,0.7504
AUD,2016-04-01,0.7664
AUD,2016-05-01,0.7318
AUD,2016-06-01,0.7401
AUD,2016-07-01,0.7529
AUD,2016-08-01,0.7629
AUD,2016-09-01,0.7591
AUD,2016-10-01,0.7615
AUD,2016-11-01,0.7532
AUD,2016-12-01,0.7346
AUD,2017-01-01,0.7465
AUD,2017-02-01,0.7664
AUD,2017-03-01,0.7622
AUD,2017-04-01,0.7534
AUD,2017-05-01,0.7437
AUD,2017-06-01,0.7562
AUD,2017-07-01,0.7807
AUD,2017-08-01,0.7915
AUD,2017-09-01,0.7974
AUD,2017-10-01,0.7788
AUD,2017-11-01,0.762
AUD,2017-12-01,0.7648
AUD,2018-01-01,0.7956
AUD,2018-02-01,0.7867
AUD,2018-03-01,0.7759
AUD,2018-04-01,0.7684
AUD,2018-05-01,0.7525
AUD,2018-06-01,0.7498
AUD,2018-07-01,0.7403
AUD,2018-08-01,0.7325
AUD,2018-09-01,0.7206
AUD,2018-10-01,0.7111
AUD,2018-11-01,0.7247
AUD,2018-12-01,0.7169
AUD,2019-01-01,0.7151
AUD,2019-02-01,0.7136
AUD,2019-03-01,0.7082
AUD,2019-04-01,0.7111
AUD,2019-05-01,0.6945
AUD,2019-06-01,0.6946
AUD,2019-07-01,0.6978
AUD,2019-08-01,0.6775
AUD,2019-09-01,0.6815
AUD,2019-10-01,0.6798
AUD,2019-11-01,0.6827
AUD,2019-12-01,0.6887
AUD,2020-01-01,0.6851
AUD,2020-02-01,0.6664
AUD,2020-03-01,0.6218
AUD,2020-04-01,0.6312
AUD,2020-05-01,0.6517
AUD,2020-06-01,0.6899
AUD,2020-07-01,0.704
AUD,2020-08-01,0.7203
AUD,2020-09-01,0.7224
AUD,2020-10-01,0.7121
AUD,2020-11-01,0.727
AUD,2020-12-01,0.7532
AUD,2021-01-01,0.7726
AUD,2021-02-01,0.7753
AUD,2021-03-01,0.771
AUD,2021-04-01,0.7701
AUD,2021-05-01,0.7763
AUD,2021-06-01,0.7643
AUD,2021-07-01,0.7417
AUD,2021-08-01,0.7304
AUD,2021-09-01,0.7312
AUD,2021-10-01,0.7412
AUD,2021-11-01,0.7307
AUD,2021-12-01,0.7155
AUD,2022-01-01,0.718
AUD,2022-02-01,0.7169
AUD,2022-03-01,0.7374
AUD,2022-04-01,0.7364
AUD,2022-05-01,0.7041
AUD,2022-06-01,0.7025
AUD,2022-07-01,0.6856
AUD,2022-08-01,0.6961
AUD,2022-09-01,0.6671
AUD,2022-10-01,0.637
AUD,2022-11-01,0.6596
AUD,2022-12-01,0.6748
AUD,2023-01-01,0.6955
AUD,2023-02-01,0.6893
AUD,2023-03-01,0.6676
AUD,2023-04-01,0.6688
AUD,2023-05-01,0.6643
AUD,2023-06-01,0.6713
AUD,2023-07-01,0.6742
AUD,2023-08-01,0.6486
AUD,2023-09-01,0.6425
AUD,2023-10-01,0.6347
AUD,2023-11-01,0.6508
AUD,2023-12-01,0.6693
AUD,2024-01-01,0.6636
AUD,2024-02-01,0.6522
AUD,2024-03-01,0.6558
AUD,2024-04-01,0.6507
AUD,2024-05-01,0.6626
AUD,2024-06-01,0.6642
AUD,2024-07-01,0.6673
AUD,2024-08-01,0.6658
AUD,2024-09-01,0.677
AUD,2024-10-01,0.67
AUD,2024-11-01,0.6528
AUD,2024-12-01,0.6334
AUD,2025-01-01,0.6231
AUD,2025-02-01,0.6301
AUD,2025-03-01,0.63
AUD,2025-04-01,0.6291
AUD,2025-05-01,0.6435
AUD,2025-06-01,0.6509
AUD,2025-07-01,0.6536
AUD,2025-08-01,0.6495
AUD,2025-09-01,0.6598
AUD,2025-10-01,0.6547
AUD,2025-11-01,0.6502
AUD,2025-12-01,0.6643
AUD,2026-01-01,0.6792
AUD,2026-02-01,0.706
AUD,2026-03-01,0.7017
AUD,2026-04-01,0.7093
AUD,2026-05-01,0.7188
AUD,2026-06-01,0.7025
AUD,2026-07-01,0.6971
AUD,2026-08-01,0.7103
AUD,2026-09-01,0.7136
CAD,2000-01-01,0.690322
CAD,2000-02-01,0.689085
CAD,2000-03-01,0.684556
CAD,2000-04-01,0.680782
CAD,2000-05-01,0.668583
CAD,2000-06-01,0.677048
CAD,2000-07-01,0.676682
CAD,2000-08-01,0.6744
CAD,2000-09-01,0.672766
CAD,2000-10-01,0.661157
CAD,2000-11-01,0.648256
CAD,2000-12-01,0.657073
CAD,2001-01-01,0.665247
CAD,2001-02-01,0.657203
CAD,2001-03-01,0.64156
CAD,2001-04-01,0.641931
CAD,2001-05-01,0.648887
CAD,2001-06-01,0.655953
CAD,2001-07-01,0.653253
CAD,2001-08-01,0.649393
CAD,2001-09-01,0.637796
CAD,2001-10-01,0.636254
CAD,2001-11-01,0.628062
CAD,2001-12-01,0.633392
CAD,2002-01-01,0.625117
CAD,2002-02-01,0.626409
CAD,2002-03-01,0.629842
CAD,2002-04-01,0.632311
CAD,2002-05-01,0.645078
CAD,2002-06-01,0.652827
CAD,2002-07-01,0.646998
CAD,2002-08-01,0.637186
CAD,2002-09-01,0.634478
CAD,2002-10-01,0.633714
CAD,2002-11-01,0.636335
CAD,2002-12-01,0.641355
CAD,2003-01-01,0.648761
CAD,2003-02-01,0.661332
CAD,2003-03-01,0.677461
CAD,2003-04-01,0.685777
CAD,2003-05-01,0.722543
CAD,2003-06-01,0.739372
CAD,2003-07-01,0.723537
CAD,2003-08-01,0.716178
CAD,2003-09-01,0.73346
CAD,2003-10-01,0.756372
CAD,2003-11-01,0.761615
CAD,2003-12-01,0.761731
CAD,2004-01-01,0.771724
CAD,2004-02-01,0.751936
CAD,2004-03-01,0.752672
CAD,2004-04-01,0.745156
CAD,2004-05-01,0.725216
CAD,2004-06-01,0.736485
CAD,2004-07-01,0.756144
CAD,2004-08-01,0.761789
CAD,2004-09-01,0.776337
CAD,2004-10-01,0.801989
CAD,2004-11-01,0.835561
CAD,2004-12-01,0.820412
CAD,2005-01-01,0.81646
CAD,2005-02-01,0.806387
CAD,2005-03-01,0.822368
CAD,2005-04-01,0.809127
CAD,2005-05-01,0.796495
CAD,2005-06-01,0.806322
CAD,2005-07-01,0.817728
CAD,2005-08-01,0.830358
CAD,2005-09-01,0.849113
CAD,2005-10-01,0.849329
CAD,2005-11-01,0.846382
CAD,2005-12-01,0.860956
CAD,2006-01-01,0.864155
CAD,2006-02-01,0.870398
CAD,2006-03-01,0.86408
CAD,2006-04-01,0.874049
CAD,2006-05-01,0.900901
CAD,2006-06-01,0.897908
CAD,2006-07-01,0.885426
CAD,2006-08-01,0.894294
CAD,2006-09-01,0.895977
CAD,2006-10-01,0.886132
CAD,2006-11-01,0.880359
CAD,2006-12-01,0.867152
CAD,2007-01-01,0.850123
CAD,2007-02-01,0.853971
CAD,2007-03-01,0.856018
CAD,2007-04-01,0.881057
CAD,2007-05-01,0.913159
CAD,2007-06-01,0.938879
CAD,2007-07-01,0.9522
CAD,2007-08-01,0.945269
CAD,2007-09-01,0.973994
CAD,2007-10-01,1.02522
CAD,2007-11-01,1.033912
CAD,2007-12-01,0.997904
CAD,2008-01-01,0.990197
CAD,2008-02-01,1.001402
CAD,2008-03-01,0.997108
CAD,2008-04-01,0.986485
CAD,2008-05-01,1.0007
CAD,2008-06-01,0.983671
CAD,2008-07-01,0.987167
CAD,2008-08-01,0.949217
CAD,2008-09-01,0.945001
CAD,2008-10-01,0.844096
CAD,2008-11-01,0.821625
CAD,2008-12-01,0.81057
CAD,2009-01-01,0.81646
CAD,2009-02-01,0.803084
CAD,2009-03-01,0.790826
CAD,2009-04-01,0.81686
CAD,2009-05-01,0.867453
CAD,2009-06-01,0.887784
CAD,2009-07-01,0.890551
CAD,2009-08-01,0.919794
CAD,2009-09-01,0.924556
CAD,2009-10-01,0.948137
CAD,2009-11-01,0.94402
CAD,2009-12-01,0.949037
CAD,2010-01-01,0.958038
CAD,2010-02-01,0.945895
CAD,2010-03-01,0.977613
CAD,2010-04-01,0.994827
CAD,2010-05-01,0.961261
CAD,2010-06-01,0.963763
CAD,2010-07-01,0.959509
CAD,2010-08-01,0.961169
CAD,2010-09-01,0.968054
CAD,2010-10-01,0.982415
CAD,2010-11-01,0.987264
CAD,2010-12-01,0.991965
CAD,2011-01-01,1.006137
CAD,2011-02-01,1.012556
CAD,2011-03-01,1.023961
CAD,2011-04-01,1.043841
CAD,2011-05-01,1.033058
CAD,2011-06-01,1.023961
CAD,2011-07-01,1.046792
CAD,2011-08-01,1.018641
CAD,2011-09-01,0.997506
CAD,2011-10-01,0.980584
CAD,2011-11-01,0.9758
CAD,2011-12-01,0.97704
CAD,2012-01-01,0.987167
CAD,2012-02-01,1.003311
CAD,2012-03-01,1.006239
CAD,2012-04-01,1.007252
CAD,2012-05-01,0.990393
CAD,2012-06-01,0.972763
CAD,2012-07-01,0.985999
CAD,2012-08-01,1.007658
CAD,2012-09-01,1.022181
CAD,2012-10-01,1.012966
CAD,2012-11-01,1.003009
CAD,2012-12-01,1.010305
CAD,2013-01-01,1.007963
CAD,2013-02-01,0.990295
CAD,2013-03-01,0.976181
CAD,2013-04-01,0.981643
CAD,2013-05-01,0.980777
CAD,2013-06-01,0.969556
CAD,2013-07-01,0.961354
CAD,2013-08-01,0.960892
CAD,2013-09-01,0.966931
CAD,2013-10-01,0.964972
CAD,2013-11-01,0.953652
CAD,2013-12-01,0.939938
CAD,2014-01-01,0.914077
CAD,2014-02-01,0.90465
CAD,2014-03-01,0.900333
CAD,2014-04-01,0.909753
CAD,2014-05-01,0.917936
CAD,2014-06-01,0.923361
CAD,2014-07-01,0.931185
CAD,2014-08-01,0.915248
CAD,2014-09-01,0.908183
CAD,2014-10-01,0.891902
CAD,2014-11-01,0.883002
CAD,2014-12-01,0.867152
CAD,2015-01-01,0.824946
CAD,2015-02-01,0.800064
CAD,2015-03-01,0.792519
CAD,2015-04-01,0.81057
CAD,2015-05-01,0.821288
CAD,2015-06-01,0.808734
CAD,2015-07-01,0.777424
CAD,2015-08-01,0.76063
CAD,2015-09-01,0.753807
CAD,2015-10-01,0.764994
CAD,2015-11-01,0.753069
CAD,2015-12-01,0.729235
CAD,2016-01-01,0.703829
CAD,2016-02-01,0.724795
CAD,2016-03-01,0.756086
CAD,2016-04-01,0.780153
CAD,2016-05-01,0.772499
CAD,2016-06-01,0.775555
CAD,2016-07-01,0.766166
CAD,2016-08-01,0.769349
CAD,2016-09-01,0.762893
CAD,2016-10-01,0.75466
CAD,2016-11-01,0.74438
CAD,2016-12-01,0.749681
CAD,2017-01-01,0.758553
CAD,2017-02-01,0.762835
CAD,2017-03-01,0.746993
CAD,2017-04-01,0.744214
CAD,2017-05-01,0.73497
CAD,2017-06-01,0.752162
CAD,2017-07-01,0.788022
CAD,2017-08-01,0.793147
CAD,2017-09-01,0.814399
CAD,2017-10-01,0.79321
CAD,2017-11-01,0.782901
CAD,2017-12-01,0.783147
CAD,2018-01-01,0.80457
CAD,2018-02-01,0.794407
CAD,2018-03-01,0.773216
CAD,2018-04-01,0.785423
CAD,2018-05-01,0.777242
CAD,2018-06-01,0.761905
CAD,2018-07-01,0.761441
CAD,2018-08-01,0.766754
CAD,2018-09-01,0.767224
CAD,2018-10-01,0.768994
CAD,2018-11-01,0.757289
CAD,2018-12-01,0.744269
CAD,2019-01-01,0.75188
CAD,2019-02-01,0.75706
CAD,2019-03-01,0.747887
CAD,2019-04-01,0.747496
CAD,2019-05-01,0.742942
CAD,2019-06-01,0.752502
CAD,2019-07-01,0.763068
CAD,2019-08-01,0.753409
CAD,2019-09-01,0.75523
CAD,2019-10-01,0.758208
CAD,2019-11-01,0.755458
CAD,2019-12-01,0.759359
CAD,2020-01-01,0.764
CAD,2020-02-01,0.752672
CAD,2020-03-01,0.716332
CAD,2020-04-01,0.711845
CAD,2020-05-01,0.715717
CAD,2020-06-01,0.737898
CAD,2020-07-01,0.740905
CAD,2020-08-01,0.755915
CAD,2020-09-01,0.755858
CAD,2020-10-01,0.756544
CAD,2020-11-01,0.764935
CAD,2020-12-01,0.780701
CAD,2021-01-01,0.785855
CAD,2021-02-01,0.78765
CAD,2021-03-01,0.795608
CAD,2021-04-01,0.800384
CAD,2021-05-01,0.824742
CAD,2021-06-01,0.818331
CAD,2021-07-01,0.798085
CAD,2021-08-01,0.793714
CAD,2021-09-01,0.789204
CAD,2021-10-01,0.804246
CAD,2021-11-01,0.795735
CAD,2021-12-01,0.78125
CAD,2022-01-01,0.792267
CAD,2022-02-01,0.78672
CAD,2022-03-01,0.789889
CAD,2022-04-01,0.791891
CAD,2022-05-01,0.777665
CAD,2022-06-01,0.781006
CAD,2022-07-01,0.773036
CAD,2022-08-01,0.774174
CAD,2022-09-01,0.749681
CAD,2022-10-01,0.730514
CAD,2022-11-01,0.743108
CAD,2022-12-01,0.736106
CAD,2023-01-01,0.745045
CAD,2023-02-01,0.743273
CAD,2023-03-01,0.730834
CAD,2023-04-01,0.74162
CAD,2023-05-01,0.739809
CAD,2023-06-01,0.752672
CAD,2023-07-01,0.756945
CAD,2023-08-01,0.74195
CAD,2023-09-01,0.739044
CAD,2023-10-01,0.729288
CAD,2023-11-01,0.729554
CAD,2023-12-01,0.745379
CAD,2024-01-01,0.74499
CAD,2024-02-01,0.740741
CAD,2024-03-01,0.738771
CAD,2024-04-01,0.731315
CAD,2024-05-01,0.731689
CAD,2024-06-01,0.729661
CAD,2024-07-01,0.729182
CAD,2024-08-01,0.732332
CAD,2024-09-01,0.738225
CAD,2024-10-01,0.726903
CAD,2024-11-01,0.715666
CAD,2024-12-01,0.701902
CAD,2025-01-01,0.694975
CAD,2025-02-01,0.69935
CAD,2025-03-01,0.696573
CAD,2025-04-01,0.715256
CAD,2025-05-01,0.721137
CAD,2025-06-01,0.731636
CAD,2025-07-01,0.730407
CAD,2025-08-01,0.724795
CAD,2025-09-01,0.722857
CAD,2025-10-01,0.714898
CAD,2025-11-01,0.71144
CAD,2025-12-01,0.7249
CAD,2026-01-01,0.726164
CAD,2026-02-01,0.732708
CAD,2026-03-01,0.728863
CAD,2026-04-01,0.727061
CAD,2026-05-01,0.729022
CAD,2026-06-01,0.712555
CAD,2026-07-01,0.708968
CAD,2026-08-01,0.719321
CAD,2026-09-01,0.717566
CHF,2000-01-01,0.628812
CHF,2000-02-01,0.611696
CHF,2000-03-01,0.601106
CHF,2000-04-01,0.600348
CHF,2000-05-01,0.581734
CHF,2000-06-01,0.609013
CHF,2000-07-01,0.605364
CHF,2000-08-01,0.583124
CHF,2000-09-01,0.568634
CHF,2000-10-01,0.563539
CHF,2000-11-01,0.562461
CHF,2000-12-01,0.593296
CHF,2001-01-01,0.613309
CHF,2001-02-01,0.599305
CHF,2001-03-01,0.591436
CHF,2001-04-01,0.583737
CHF,2001-05-01,0.570516
CHF,2001-06-01,0.560036
CHF,2001-07-01,0.569152
CHF,2001-08-01,0.594955
CHF,2001-09-01,0.61207
CHF,2001-10-01,0.611359
CHF,2001-11-01,0.60573
CHF,2001-12-01,0.603646
CHF,2002-01-01,0.59848
CHF,2002-02-01,0.589275
CHF,2002-03-01,0.597265
CHF,2002-04-01,0.604522
CHF,2002-05-01,0.629366
CHF,2002-06-01,0.649393
CHF,2002-07-01,0.67944
CHF,2002-08-01,0.667913
CHF,2002-09-01,0.669748
CHF,2002-10-01,0.669703
CHF,2002-11-01,0.682221
CHF,2002-12-01,0.695024
CHF,2003-01-01,0.72648
CHF,2003-02-01,0.735186
CHF,2003-03-01,0.734538
CHF,2003-04-01,0.725531
CHF,2003-05-01,0.762718
CHF,2003-06-01,0.757805
CHF,2003-07-01,0.7347
CHF,2003-08-01,0.724061
CHF,2003-09-01,0.727643
CHF,2003-10-01,0.756315
CHF,2003-11-01,0.750863
CHF,2003-12-01,0.790952
CHF,2004-01-01,0.807037
CHF,2004-02-01,0.803342
CHF,2004-03-01,0.782595
CHF,2004-04-01,0.771069
CHF,2004-05-01,0.778877
CHF,2004-06-01,0.799808
CHF,2004-07-01,0.803084
CHF,2004-08-01,0.792205
CHF,2004-09-01,0.791828
CHF,2004-10-01,0.81103
CHF,2004-11-01,0.853898
CHF,2004-12-01,0.87222
CHF,2005-01-01,0.848033
CHF,2005-02-01,0.839067
CHF,2005-03-01,0.850629
CHF,2005-04-01,0.83654
CHF,2005-05-01,0.821558
CHF,2005-06-01,0.789578
CHF,2005-07-01,0.772499
CHF,2005-08-01,0.791828
CHF,2005-09-01,0.789204
CHF,2005-10-01,0.776398
CHF,2005-11-01,0.762777
CHF,2005-12-01,0.766107
CHF,2006-01-01,0.782901
CHF,2006-02-01,0.766166
CHF,2006-03-01,0.766284
CHF,2006-04-01,0.779423
CHF,2006-05-01,0.820345
CHF,2006-06-01,0.811622
CHF,2006-07-01,0.808016
CHF,2006-08-01,0.81182
CHF,2006-09-01,0.80289
CHF,2006-10-01,0.793525
CHF,2006-11-01,0.809323
CHF,2006-12-01,0.826515
CHF,2007-01-01,0.804441
CHF,2007-02-01,0.806907
CHF,2007-03-01,0.821153
CHF,2007-04-01,0.82481
CHF,2007-05-01,0.818934
CHF,2007-06-01,0.81103
CHF,2007-07-01,0.828569
CHF,2007-08-01,0.831463
CHF,2007-09-01,0.843739
CHF,2007-10-01,0.851716
CHF,2007-11-01,0.890234
CHF,2007-12-01,0.877039
CHF,2008-01-01,0.908595
CHF,2008-02-01,0.918274
CHF,2008-03-01,0.987557
CHF,2008-04-01,0.986388
CHF,2008-05-01,0.957121
CHF,2008-06-01,0.964227
CHF,2008-07-01,0.972479
CHF,2008-08-01,0.922424
CHF,2008-09-01,0.900739
CHF,2008-10-01,0.874967
CHF,2008-11-01,0.839631
CHF,2008-12-01,0.876885
CHF,2009-01-01,0.887548
CHF,2009-02-01,0.85918
CHF,2009-03-01,0.865426
CHF,2009-04-01,0.871004
CHF,2009-05-01,0.902853
CHF,2009-06-01,0.925155
CHF,2009-07-01,0.927644
CHF,2009-08-01,0.936067
CHF,2009-09-01,0.962371
CHF,2009-10-01,0.979144
CHF,2009-11-01,0.987069
CHF,2009-12-01,0.97078
CHF,2010-01-01,0.966651
CHF,2010-02-01,0.932662
CHF,2010-03-01,0.937559
CHF,2010-04-01,0.935454
CHF,2010-05-01,0.885347
CHF,2010-06-01,0.888494
CHF,2010-07-01,0.949668
CHF,2010-08-01,0.962649
CHF,2010-09-01,0.9998
CHF,2010-10-01,1.032418
CHF,2010-11-01,1.015538
CHF,2010-12-01,1.032098
CHF,2011-01-01,1.045478
CHF,2011-02-01,1.052632
CHF,2011-03-01,1.088732
CHF,2011-04-01,1.114579
CHF,2011-05-01,1.144165
CHF,2011-06-01,1.190334
CHF,2011-07-01,1.217434
CHF,2011-08-01,1.282051
CHF,2011-09-01,1.140641
CHF,2011-10-01,1.116321
CHF,2011-11-01,1.101443
CHF,2011-12-01,1.071352
CHF,2012-01-01,1.066553
CHF,2012-02-01,1.096732
CHF,2012-03-01,1.09517
CHF,2012-04-01,1.09493
CHF,2012-05-01,1.065757
CHF,2012-06-01,1.044277
CHF,2012-07-01,1.022181
CHF,2012-08-01,1.032951
CHF,2012-09-01,1.065417
CHF,2012-10-01,1.072616
CHF,2012-11-01,1.06519
CHF,2012-12-01,1.085423
CHF,2013-01-01,1.082954
CHF,2013-02-01,1.085541
CHF,2013-03-01,1.056412
CHF,2013-04-01,1.067692
CHF,2013-05-01,1.046353
CHF,2013-06-01,1.071696
CHF,2013-07-01,1.058313
CHF,2013-08-01,1.079797
CHF,2013-09-01,1.083306
CHF,2013-10-01,1.108033
CHF,2013-11-01,1.09541
CHF,2013-12-01,1.119445
CHF,2014-01-01,1.106439
CHF,2014-02-01,1.118944
CHF,2014-03-01,1.135718
CHF,2014-04-01,1.132759
CHF,2014-05-01,1.125746
CHF,2014-06-01,1.116321
CHF,2014-07-01,1.113834
CHF,2014-08-01,1.099143
CHF,2014-09-01,1.067236
CHF,2014-10-01,1.049538
CHF,2014-11-01,1.037129
CHF,2014-12-01,1.025326
CHF,2015-01-01,1.058985
CHF,2015-02-01,1.068262
CHF,2015-03-01,1.020616
CHF,2015-04-01,1.042209
CHF,2015-05-01,1.073422
CHF,2015-06-01,1.072846
CHF,2015-07-01,1.047449
CHF,2015-08-01,1.032525
CHF,2015-09-01,1.028278
CHF,2015-10-01,1.032311
CHF,2015-11-01,0.990295
CHF,2015-12-01,1.004924
CHF,2016-01-01,0.991867
CHF,2016-02-01,1.008065
CHF,2016-03-01,1.019264
CHF,2016-04-01,1.03799
CHF,2016-05-01,1.022809
CHF,2016-06-01,1.03146
CHF,2016-07-01,1.017294
CHF,2016-08-01,1.02976
CHF,2016-09-01,1.027538
CHF,2016-10-01,1.012556
CHF,2016-11-01,1.003714
CHF,2016-12-01,0.980969
CHF,2017-01-01,0.992556
CHF,2017-02-01,0.999001
CHF,2017-03-01,0.998502
CHF,2017-04-01,0.999101
CHF,2017-05-01,1.013479
CHF,2017-06-01,1.032951
CHF,2017-07-01,1.041233
CHF,2017-08-01,1.035947
CHF,2017-09-01,1.038961
CHF,2017-10-01,1.018226
CHF,2017-11-01,1.008573
CHF,2017-12-01,1.013171
CHF,2018-01-01,1.041233
CHF,2018-02-01,1.068947
CHF,2018-03-01,1.054852
CHF,2018-04-01,1.032311
CHF,2018-05-01,1.00311
CHF,2018-06-01,1.010101
CHF,2018-07-01,1.005227
CHF,2018-08-01,1.012146
CHF,2018-09-01,1.032738
CHF,2018-10-01,1.006036
CHF,2018-11-01,0.998901
CHF,2018-12-01,1.008166
CHF,2019-01-01,1.010407
CHF,2019-02-01,0.998602
CHF,2019-03-01,0.9995
CHF,2019-04-01,0.99167
CHF,2019-05-01,0.989413
CHF,2019-06-01,1.012146
CHF,2019-07-01,1.012146
CHF,2019-08-01,1.021764
CHF,2019-09-01,1.009489
CHF,2019-10-01,1.007049
CHF,2019-11-01,1.007151
CHF,2019-12-01,1.017708
CHF,2020-01-01,1.03114
CHF,2020-02-01,1.02438
CHF,2020-03-01,1.042427
CHF,2020-04-01,1.030822
CHF,2020-05-01,1.031779
CHF,2020-06-01,1.051193
CHF,2020-07-01,1.072156
CHF,2020-08-01,1.099022
CHF,2020-09-01,1.093016
CHF,2020-10-01,1.096011
CHF,2020-11-01,1.097695
CHF,2020-12-01,1.125619
CHF,2021-01-01,1.128032
CHF,2021-02-01,1.11371
CHF,2021-03-01,1.0755
CHF,2021-04-01,1.084834
CHF,2021-05-01,1.107788
CHF,2021-06-01,1.101564
CHF,2021-07-01,1.090037
CHF,2021-08-01,1.093255
CHF,2021-09-01,1.083658
CHF,2021-10-01,1.083776
CHF,2021-11-01,1.085423
CHF,2021-12-01,1.085776
CHF,2022-01-01,1.088021
CHF,2022-02-01,1.083658
CHF,2022-03-01,1.075963
CHF,2022-04-01,1.058201
CHF,2022-05-01,1.019992
CHF,2022-06-01,1.030715
CHF,2022-07-01,1.030822
CHF,2022-08-01,1.044496
CHF,2022-09-01,1.027432
CHF,2022-10-01,1.005126
CHF,2022-11-01,1.035197
CHF,2022-12-01,1.073422
CHF,2023-01-01,1.082134
CHF,2023-02-01,1.080147
CHF,2023-03-01,1.080497
CHF,2023-04-01,1.112966
CHF,2023-05-01,1.113958
CHF,2023-06-01,1.110618
CHF,2023-07-01,1.146395
CHF,2023-08-01,1.138563
CHF,2023-09-01,1.111605
CHF,2023-10-01,1.106807
CHF,2023-11-01,1.123343
CHF,2023-12-01,1.156337
CHF,2024-01-01,1.164009
CHF,2024-02-01,1.140121
CHF,2024-03-01,1.125366
CHF,2024-04-01,1.099022
CHF,2024-05-01,1.100352
CHF,2024-06-01,1.118819
CHF,2024-07-01,1.121453
CHF,2024-08-01,1.165637
CHF,2024-09-01,1.180359
CHF,2024-10-01,1.161036
CHF,2024-11-01,1.135203
CHF,2024-12-01,1.121579
CHF,2025-01-01,1.099384
CHF,2025-02-01,1.106929
CHF,2025-03-01,1.131734
CHF,2025-04-01,1.199472
CHF,2025-05-01,1.204964
CHF,2025-06-01,1.22971
CHF,2025-07-01,1.251721
CHF,2025-08-01,1.241003
CHF,2025-09-01,1.256124
CHF,2025-10-01,1.253918
CHF,2025-11-01,1.244245
CHF,2025-12-01,1.254863
CHF,2026-01-01,1.266785
CHF,2026-02-01,1.293828
CHF,2026-03-01,1.270164
CHF,2026-04-01,1.26968
CHF,2026-05-01,1.276487
CHF,2026-06-01,1.251095
CHF,2026-07-01,1.233959
CHF,2026-08-01,1.23839
CHF,2026-09-01,1.223092
EUR,2000-01-01,1.0131
EUR,2000-02-01,0.9834
EUR,2000-03-01,0.9643
EUR,2000-04-01,0.9449
EUR,2000-05-01,0.9059
EUR,2000-06-01,0.9505
EUR,2000-07-01,0.9386
EUR,2000-08-01,0.9045
EUR,2000-09-01,0.8695
EUR,2000-10-01,0.8525
EUR,2000-11-01,0.8552
EUR,2000-12-01,0.8983
EUR,2001-01-01,0.9376
EUR,2001-02-01,0.9205
EUR,2001-03-01,0.9083
EUR,2001-04-01,0.8925
EUR,2001-05-01,0.8753
EUR,2001-06-01,0.853
EUR,2001-07-01,0.8615
EUR,2001-08-01,0.9014
EUR,2001-09-01,0.9114
EUR,2001-10-01,0.905
EUR,2001-11-01,0.8883
EUR,2001-12-01,0.8912
EUR,2002-01-01,0.8832
EUR,2002-02-01,0.8707
EUR,2002-03-01,0.8766
EUR,2002-04-01,0.886
EUR,2002-05-01,0.917
EUR,2002-06-01,0.9561
EUR,2002-07-01,0.9935
EUR,2002-08-01,0.9781
EUR,2002-09-01,0.9806
EUR,2002-10-01,0.9812
EUR,2002-11-01,1.0013
EUR,2002-12-01,1.0194
EUR,2003-01-01,1.0622
EUR,2003-02-01,1.0785
EUR,2003-03-01,1.0797
EUR,2003-04-01,1.0862
EUR,2003-05-01,1.1556
EUR,2003-06-01,1.1674
EUR,2003-07-01,1.1365
EUR,2003-08-01,1.1155
EUR,2003-09-01,1.1267
EUR,2003-10-01,1.1714
EUR,2003-11-01,1.171
EUR,2003-12-01,1.2298
EUR,2004-01-01,1.2638
EUR,2004-02-01,1.264
EUR,2004-03-01,1.2261
EUR,2004-04-01,1.1989
EUR,2004-05-01,1.2
EUR,2004-06-01,1.2146
EUR,2004-07-01,1.2266
EUR,2004-08-01,1.2191
EUR,2004-09-01,1.2224
EUR,2004-10-01,1.2507
EUR,2004-11-01,1.2997
EUR,2004-12-01,1.3406
EUR,2005-01-01,1.3123
EUR,2005-02-01,1.3013
EUR,2005-03-01,1.3185
EUR,2005-04-01,1.2943
EUR,2005-05-01,1.2697
EUR,2005-06-01,1.2155
EUR,2005-07-01,1.2041
EUR,2005-08-01,1.2295
EUR,2005-09-01,1.2234
EUR,2005-10-01,1.2022
EUR,2005-11-01,1.1789
EUR,2005-12-01,1.1861
EUR,2006-01-01,1.2126
EUR,2006-02-01,1.194
EUR,2006-03-01,1.2028
EUR,2006-04-01,1.2273
EUR,2006-05-01,1.2767
EUR,2006-06-01,1.2661
EUR,2006-07-01,1.2681
EUR,2006-08-01,1.281
EUR,2006-09-01,1.2722
EUR,2006-10-01,1.2617
EUR,2006-11-01,1.2888
EUR,2006-12-01,1.3205
EUR,2007-01-01,1.2993
EUR,2007-02-01,1.308
EUR,2007-03-01,1.3246
EUR,2007-04-01,1.3513
EUR,2007-05-01,1.3518
EUR,2007-06-01,1.3421
EUR,2007-07-01,1.3726
EUR,2007-08-01,1.3626
EUR,2007-09-01,1.391
EUR,2007-10-01,1.4233
EUR,2007-11-01,1.4683
EUR,2007-12-01,1.4559
EUR,2008-01-01,1.4728
EUR,2008-02-01,1.4759
EUR,2008-03-01,1.552
EUR,2008-04-01,1.5754
EUR,2008-05-01,1.5554
EUR,2008-06-01,1.5562
EUR,2008-07-01,1.5759
EUR,2008-08-01,1.4955
EUR,2008-09-01,1.4342
EUR,2008-10-01,1.3266
EUR,2008-11-01,1.2744
EUR,2008-12-01,1.3511
EUR,2009-01-01,1.3244
EUR,2009-02-01,1.2797
EUR,2009-03-01,1.305
EUR,2009-04-01,1.3199
EUR,2009-05-01,1.3646
EUR,2009-06-01,1.4014
EUR,2009-07-01,1.4092
EUR,2009-08-01,1.4266
EUR,2009-09-01,1.4575
EUR,2009-10-01,1.4821
EUR,2009-11-01,1.4908
EUR,2009-12-01,1.4579
EUR,2010-01-01,1.4266
EUR,2010-02-01,1.368
EUR,2010-03-01,1.357
EUR,2010-04-01,1.3417
EUR,2010-05-01,1.2563
EUR,2010-06-01,1.2223
EUR,2010-07-01,1.2811
EUR,2010-08-01,1.2903
EUR,2010-09-01,1.3103
EUR,2010-10-01,1.3901
EUR,2010-11-01,1.3654
EUR,2010-12-01,1.3221
EUR,2011-01-01,1.3371
EUR,2011-02-01,1.3656
EUR,2011-03-01,1.402
EUR,2011-04-01,1.446
EUR,2011-05-01,1.4335
EUR,2011-06-01,1.4403
EUR,2011-07-01,1.4275
EUR,2011-08-01,1.4333
EUR,2011-09-01,1.3747
EUR,2011-10-01,1.3732
EUR,2011-11-01,1.3558
EUR,2011-12-01,1.3155
EUR,2012-01-01,1.291
EUR,2012-02-01,1.3238
EUR,2012-03-01,1.3208
EUR,2012-04-01,1.316
EUR,2012-05-01,1.2806
EUR,2012-06-01,1.2541
EUR,2012-07-01,1.2278
EUR,2012-08-01,1.2406
EUR,2012-09-01,1.2885
EUR,2012-10-01,1.2974
EUR,2012-11-01,1.2837
EUR,2012-12-01,1.3119
EUR,2013-01-01,1.3304
EUR,2013-02-01,1.3347
EUR,2013-03-01,1.2953
EUR,2013-04-01,1.3025
EUR,2013-05-01,1.2983
EUR,2013-06-01,1.3197
EUR,2013-07-01,1.3088
EUR,2013-08-01,1.3314
EUR,2013-09-01,1.3364
EUR,2013-10-01,1.3646
EUR,2013-11-01,1.3491
EUR,2013-12-01,1.3708
EUR,2014-01-01,1.3618
EUR,2014-02-01,1.3665
EUR,2014-03-01,1.3828
EUR,2014-04-01,1.381
EUR,2014-05-01,1.3739
EUR,2014-06-01,1.3595
EUR,2014-07-01,1.3533
EUR,2014-08-01,1.3315
EUR,2014-09-01,1.2889
EUR,2014-10-01,1.2677
EUR,2014-11-01,1.2473
EUR,2014-12-01,1.2329
EUR,2015-01-01,1.1615
EUR,2015-02-01,1.135
EUR,2015-03-01,1.0819
EUR,2015-04-01,1.0822
EUR,2015-05-01,1.1167
EUR,2015-06-01,1.1226
EUR,2015-07-01,1.0997
EUR,2015-08-01,1.1136
EUR,2015-09-01,1.1229
EUR,2015-10-01,1.1228
EUR,2015-11-01,1.0727
EUR,2015-12-01,1.0889
EUR,2016-01-01,1.0855
EUR,2016-02-01,1.1092
EUR,2016-03-01,1.1134
EUR,2016-04-01,1.1346
EUR,2016-05-01,1.1312
EUR,2016-06-01,1.1232
EUR,2016-07-01,1.1055
EUR,2016-08-01,1.1207
EUR,2016-09-01,1.1218
EUR,2016-10-01,1.1014
EUR,2016-11-01,1.0792
EUR,2016-12-01,1.0545
EUR,2017-01-01,1.0635
EUR,2017-02-01,1.065
EUR,2017-03-01,1.0691
EUR,2017-04-01,1.0714
EUR,2017-05-01,1.105
EUR,2017-06-01,1.1233
EUR,2017-07-01,1.153
EUR,2017-08-01,1.1813
EUR,2017-09-01,1.1913
EUR,2017-10-01,1.1755
EUR,2017-11-01,1.1743
EUR,2017-12-01,1.1836
EUR,2018-01-01,1.2197
EUR,2018-02-01,1.234
EUR,2018-03-01,1.2334
EUR,2018-04-01,1.227
EUR,2018-05-01,1.1823
EUR,2018-06-01,1.1679
EUR,2018-07-01,1.1685
EUR,2018-08-01,1.1547
EUR,2018-09-01,1.1667
EUR,2018-10-01,1.1488
EUR,2018-11-01,1.1364
EUR,2018-12-01,1.138
EUR,2019-01-01,1.1418
EUR,2019-02-01,1.1349
EUR,2019-03-01,1.1296
EUR,2019-04-01,1.1234
EUR,2019-05-01,1.1187
EUR,2019-06-01,1.1295
EUR,2019-07-01,1.1211
EUR,2019-08-01,1.1129
EUR,2019-09-01,1.1011
EUR,2019-10-01,1.1058
EUR,2019-11-01,1.1051
EUR,2019-12-01,1.1114
EUR,2020-01-01,1.1098
EUR,2020-02-01,1.0911
EUR,2020-03-01,1.1046
EUR,2020-04-01,1.0871
EUR,2020-05-01,1.0907
EUR,2020-06-01,1.1259
EUR,2020-07-01,1.1488
EUR,2020-08-01,1.1831
EUR,2020-09-01,1.1785
EUR,2020-10-01,1.1768
EUR,2020-11-01,1.1826
EUR,2020-12-01,1.2168
EUR,2021-01-01,1.2178
EUR,2021-02-01,1.2094
EUR,2021-03-01,1.1902
EUR,2021-04-01,1.1965
EUR,2021-05-01,1.2146
EUR,2021-06-01,1.2048
EUR,2021-07-01,1.1821
EUR,2021-08-01,1.1767
EUR,2021-09-01,1.1765
EUR,2021-10-01,1.16
EUR,2021-11-01,1.1416
EUR,2021-12-01,1.1301
EUR,2022-01-01,1.1317
EUR,2022-02-01,1.1349
EUR,2022-03-01,1.1019
EUR,2022-04-01,1.0803
EUR,2022-05-01,1.0567
EUR,2022-06-01,1.0567
EUR,2022-07-01,1.0168
EUR,2022-08-01,1.0129
EUR,2022-09-01,0.9899
EUR,2022-10-01,0.9853
EUR,2022-11-01,1.0192
EUR,2022-12-01,1.0591
EUR,2023-01-01,1.0777
EUR,2023-02-01,1.0702
EUR,2023-03-01,1.0711
EUR,2023-04-01,1.0962
EUR,2023-05-01,1.0867
EUR,2023-06-01,1.084
EUR,2023-07-01,1.1067
EUR,2023-08-01,1.091
EUR,2023-09-01,1.0672
EUR,2023-10-01,1.0565
EUR,2023-11-01,1.0819
EUR,2023-12-01,1.0909
EUR,2024-01-01,1.0899
EUR,2024-02-01,1.0793
EUR,2024-03-01,1.087
EUR,2024-04-01,1.0724
EUR,2024-05-01,1.081
EUR,2024-06-01,1.0763
EUR,2024-07-01,1.0847
EUR,2024-08-01,1.102
EUR,2024-09-01,1.1104
EUR,2024-10-01,1.0895
EUR,2024-11-01,1.0621
EUR,2024-12-01,1.0472
EUR,2025-01-01,1.0356
EUR,2025-02-01,1.0413
EUR,2025-03-01,1.0813
EUR,2025-04-01,1.1232
EUR,2025-05-01,1.1274
EUR,2025-06-01,1.1534
EUR,2025-07-01,1.1671
EUR,2025-08-01,1.1647
EUR,2025-09-01,1.1739
EUR,2025-10-01,1.1641
EUR,2025-11-01,1.1558
EUR,2025-12-01,1.171
EUR,2026-01-01,1.1744
EUR,2026-02-01,1.1824
EUR,2026-03-01,1.1557
EUR,2026-04-01,1.1697
EUR,2026-05-01,1.1681
EUR,2026-06-01,1.1516
EUR,2026-07-01,1.1423
EUR,2026-08-01,1.1594
EUR,2026-09-01,1.1531
GBP,2000-01-01,1.6404
GBP,2000-02-01,1.6
GBP,2000-03-01,1.5799
GBP,2000-04-01,1.5823
GBP,2000-05-01,1.509
GBP,2000-06-01,1.5092
GBP,2000-07-01,1.5076
GBP,2000-08-01,1.4889
GBP,2000-09-01,1.4336
GBP,2000-10-01,1.4506
GBP,2000-11-01,1.4258
GBP,2000-12-01,1.4629
GBP,2001-01-01,1.4775
GBP,2001-02-01,1.4525
GBP,2001-03-01,1.4445
GBP,2001-04-01,1.4348
GBP,2001-05-01,1.4265
GBP,2001-06-01,1.402
GBP,2001-07-01,1.4148
GBP,2001-08-01,1.4372
GBP,2001-09-01,1.4638
GBP,2001-10-01,1.4501
GBP,2001-11-01,1.4356
GBP,2001-12-01,1.4413
GBP,2002-01-01,1.4322
GBP,2002-02-01,1.4227
GBP,2002-03-01,1.423
GBP,2002-04-01,1.4429
GBP,2002-05-01,1.4598
GBP,2002-06-01,1.4837
GBP,2002-07-01,1.5565
GBP,2002-08-01,1.5368
GBP,2002-09-01,1.5563
GBP,2002-10-01,1.5575
GBP,2002-11-01,1.5711
GBP,2002-12-01,1.5863
GBP,2003-01-01,1.6175
GBP,2003-02-01,1.6079
GBP,2003-03-01,1.5825
GBP,2003-04-01,1.5739
GBP,2003-05-01,1.6224
GBP,2003-06-01,1.6609
GBP,2003-07-01,1.6221
GBP,2003-08-01,1.5939
GBP,2003-09-01,1.6155
GBP,2003-10-01,1.6792
GBP,2003-11-01,1.6897
GBP,2003-12-01,1.7516
GBP,2004-01-01,1.8255
GBP,2004-02-01,1.8673
GBP,2004-03-01,1.8261
GBP,2004-04-01,1.8031
GBP,2004-05-01,1.786
GBP,2004-06-01,1.8279
GBP,2004-07-01,1.8438
GBP,2004-08-01,1.8203
GBP,2004-09-01,1.7937
GBP,2004-10-01,1.8077
GBP,2004-11-01,1.8607
GBP,2004-12-01,1.9286
GBP,2005-01-01,1.8797
GBP,2005-02-01,1.8871
GBP,2005-03-01,1.9043
GBP,2005-04-01,1.8961
GBP,2005-05-01,1.8559
GBP,2005-06-01,1.8177
GBP,2005-07-01,1.7507
GBP,2005-08-01,1.7944
GBP,2005-09-01,1.8064
GBP,2005-10-01,1.7651
GBP,2005-11-01,1.7349
GBP,2005-12-01,1.7458
GBP,2006-01-01,1.7686
GBP,2006-02-01,1.748
GBP,2006-03-01,1.7442
GBP,2006-04-01,1.768
GBP,2006-05-01,1.8687
GBP,2006-06-01,1.8435
GBP,2006-07-01,1.8443
GBP,2006-08-01,1.8941
GBP,2006-09-01,1.8839
GBP,2006-10-01,1.8765
GBP,2006-11-01,1.9125
GBP,2006-12-01,1.9629
GBP,2007-01-01,1.9587
GBP,2007-02-01,1.9589
GBP,2007-03-01,1.9474
GBP,2007-04-01,1.9879
GBP,2007-05-01,1.9842
GBP,2007-06-01,1.9867
GBP,2007-07-01,2.0355
GBP,2007-08-01,2.011
GBP,2007-09-01,2.0184
GBP,2007-10-01,2.0449
GBP,2007-11-01,2.0701
GBP,2007-12-01,2.0161
GBP,2008-01-01,1.9702
GBP,2008-02-01,1.9646
GBP,2008-03-01,2.0015
GBP,2008-04-01,1.9816
GBP,2008-05-01,1.965
GBP,2008-06-01,1.9664
GBP,2008-07-01,1.9888
GBP,2008-08-01,1.8865
GBP,2008-09-01,1.7973
GBP,2008-10-01,1.6862
GBP,2008-11-01,1.5327
GBP,2008-12-01,1.4854
GBP,2009-01-01,1.4462
GBP,2009-02-01,1.4422
GBP,2009-03-01,1.417
GBP,2009-04-01,1.4712
GBP,2009-05-01,1.5418
GBP,2009-06-01,1.6369
GBP,2009-07-01,1.6378
GBP,2009-08-01,1.6532
GBP,2009-09-01,1.6323
GBP,2009-10-01,1.6212
GBP,2009-11-01,1.6599
GBP,2009-12-01,1.6226
GBP,2010-01-01,1.6158
GBP,2010-02-01,1.5618
GBP,2010-03-01,1.5058
GBP,2010-04-01,1.5332
GBP,2010-05-01,1.4669
GBP,2010-06-01,1.4768
GBP,2010-07-01,1.5304
GBP,2010-08-01,1.5661
GBP,2010-09-01,1.5591
GBP,2010-10-01,1.5867
GBP,2010-11-01,1.5961
GBP,2010-12-01,1.5595
GBP,2011-01-01,1.5782
GBP,2011-02-01,1.6124
GBP,2011-03-01,1.6159
GBP,2011-04-01,1.6379
GBP,2011-05-01,1.6332
GBP,2011-06-01,1.6219
GBP,2011-07-01,1.6158
GBP,2011-08-01,1.6356
GBP,2011-09-01,1.5771
GBP,2011-10-01,1.5768
GBP,2011-11-01,1.5806
GBP,2011-12-01,1.5587
GBP,2012-01-01,1.5524
GBP,2012-02-01,1.5804
GBP,2012-03-01,1.5824
GBP,2012-04-01,1.6
GBP,2012-05-01,1.5924
GBP,2012-06-01,1.5556
GBP,2012-07-01,1.5593
GBP,2012-08-01,1.5722
GBP,2012-09-01,1.6126
GBP,2012-10-01,1.608
GBP,2012-11-01,1.5968
GBP,2012-12-01,1.6145
GBP,2013-01-01,1.5965
GBP,2013-02-01,1.5474
GBP,2013-03-01,1.508
GBP,2013-04-01,1.5311
GBP,2013-05-01,1.5297
GBP,2013-06-01,1.5493
GBP,2013-07-01,1.5179
GBP,2013-08-01,1.5505
GBP,2013-09-01,1.5885
GBP,2013-10-01,1.6098
GBP,2013-11-01,1.61
GBP,2013-12-01,1.6383
GBP,2014-01-01,1.647
GBP,2014-02-01,1.6558
GBP,2014-03-01,1.6624
GBP,2014-04-01,1.6748
GBP,2014-05-01,1.6842
GBP,2014-06-01,1.6908
GBP,2014-07-01,1.7066
GBP,2014-08-01,1.67
GBP,2014-09-01,1.629
GBP,2014-10-01,1.6074
GBP,2014-11-01,1.5771
GBP,2014-12-01,1.5644
GBP,2015-01-01,1.5142
GBP,2015-02-01,1.5329
GBP,2015-03-01,1.4958
GBP,2015-04-01,1.4968
GBP,2015-05-01,1.5456
GBP,2015-06-01,1.5576
GBP,2015-07-01,1.556
GBP,2015-08-01,1.5578
GBP,2015-09-01,1.5338
GBP,2015-10-01,1.5343
GBP,2015-11-01,1.5194
GBP,2015-12-01,1.4981
GBP,2016-01-01,1.4392
GBP,2016-02-01,1.429
GBP,2016-03-01,1.4249
GBP,2016-04-01,1.4319
GBP,2016-05-01,1.4524
GBP,2016-06-01,1.4197
GBP,2016-07-01,1.3134
GBP,2016-08-01,1.3101
GBP,2016-09-01,1.314
GBP,2016-10-01,1.233
GBP,2016-11-01,1.2432
GBP,2016-12-01,1.2483
GBP,2017-01-01,1.2367
GBP,2017-02-01,1.2495
GBP,2017-03-01,1.2347
GBP,2017-04-01,1.2639
GBP,2017-05-01,1.2929
GBP,2017-06-01,1.281
GBP,2017-07-01,1.2996
GBP,2017-08-01,1.2952
GBP,2017-09-01,1.334
GBP,2017-10-01,1.3202
GBP,2017-11-01,1.3217
GBP,2017-12-01,1.3404
GBP,2018-01-01,1.3824
GBP,2018-02-01,1.3961
GBP,2018-03-01,1.3976
GBP,2018-04-01,1.4079
GBP,2018-05-01,1.347
GBP,2018-06-01,1.3294
GBP,2018-07-01,1.3162
GBP,2018-08-01,1.2878
GBP,2018-09-01,1.3066
GBP,2018-10-01,1.3012
GBP,2018-11-01,1.29
GBP,2018-12-01,1.2664
GBP,2019-01-01,1.2901
GBP,2019-02-01,1.3016
GBP,2019-03-01,1.3167
GBP,2019-04-01,1.3029
GBP,2019-05-01,1.2855
GBP,2019-06-01,1.2675
GBP,2019-07-01,1.2461
GBP,2019-08-01,1.216
GBP,2019-09-01,1.2369
GBP,2019-10-01,1.2657
GBP,2019-11-01,1.2884
GBP,2019-12-01,1.3109
GBP,2020-01-01,1.3076
GBP,2020-02-01,1.2953
GBP,2020-03-01,1.2369
GBP,2020-04-01,1.242
GBP,2020-05-01,1.2302
GBP,2020-06-01,1.2523
GBP,2020-07-01,1.2701
GBP,2020-08-01,1.3143
GBP,2020-09-01,1.2947
GBP,2020-10-01,1.298
GBP,2020-11-01,1.3198
GBP,2020-12-01,1.3434
GBP,2021-01-01,1.3641
GBP,2021-02-01,1.3867
GBP,2021-03-01,1.3863
GBP,2021-04-01,1.3845
GBP,2021-05-01,1.4084
GBP,2021-06-01,1.4025
GBP,2021-07-01,1.3808
GBP,2021-08-01,1.3797
GBP,2021-09-01,1.3732
GBP,2021-10-01,1.3701
GBP,2021-11-01,1.3463
GBP,2021-12-01,1.3303
GBP,2022-01-01,1.3555
GBP,2022-02-01,1.354
GBP,2022-03-01,1.3168
GBP,2022-04-01,1.2933
GBP,2022-05-01,1.2438
GBP,2022-06-01,1.232
GBP,2022-07-01,1.1987
GBP,2022-08-01,1.1983
GBP,2022-09-01,1.132
GBP,2022-10-01,1.1332
GBP,2022-11-01,1.1727
GBP,2022-12-01,1.218
GBP,2023-01-01,1.2237
GBP,2023-02-01,1.2084
GBP,2023-03-01,1.2138
GBP,2023-04-01,1.2446
GBP,2023-05-01,1.2484
GBP,2023-06-01,1.2627
GBP,2023-07-01,1.2893
GBP,2023-08-01,1.2706
GBP,2023-09-01,1.2381
GBP,2023-10-01,1.2175
GBP,2023-11-01,1.2437
GBP,2023-12-01,1.2657
GBP,2024-01-01,1.2701
GBP,2024-02-01,1.263
GBP,2024-03-01,1.2713
GBP,2024-04-01,1.2517
GBP,2024-05-01,1.2636
GBP,2024-06-01,1.2716
GBP,2024-07-01,1.287
GBP,2024-08-01,1.2945
GBP,2024-09-01,1.3219
GBP,2024-10-01,1.3043
GBP,2024-11-01,1.2738
GBP,2024-12-01,1.2647
GBP,2025-01-01,1.2354
GBP,2025-02-01,1.2542
GBP,2025-03-01,1.2913
GBP,2025-04-01,1.3144
GBP,2025-05-01,1.3358
GBP,2025-06-01,1.3577
GBP,2025-07-01,1.3489
GBP,2025-08-01,1.3456
GBP,2025-09-01,1.3506
GBP,2025-10-01,1.3357
GBP,2025-11-01,1.3139
GBP,2025-12-01,1.3387
GBP,2026-01-01,1.3536
GBP,2026-02-01,1.3579
GBP,2026-03-01,1.3339
GBP,2026-04-01,1.3454
GBP,2026-05-01,1.3498
GBP,2026-06-01,1.3338
GBP,2026-07-01,1.3383
GBP,2026-08-01,1.3547
GBP,2026-09-01,1.3433
HKD,2000-01-01,0.12855
HKD,2000-02-01,0.128508
HKD,2000-03-01,0.128455
HKD,2000-04-01,0.128403
HKD,2000-05-01,0.128358
HKD,2000-06-01,0.128314
HKD,2000-07-01,0.128256
HKD,2000-08-01,0.128213
HKD,2000-09-01,0.12823
HKD,2000-10-01,0.128243
HKD,2000-11-01,0.12822
HKD,2000-12-01,0.12822
HKD,2001-01-01,0.128208
HKD,2001-02-01,0.128207
HKD,2001-03-01,0.128207
HKD,2001-04-01,0.128217
HKD,2001-05-01,0.128207
HKD,2001-06-01,0.12821
HKD,2001-07-01,0.128207
HKD,2001-08-01,0.12821
HKD,2001-09-01,0.12821
HKD,2001-10-01,0.128207
HKD,2001-11-01,0.128212
HKD,2001-12-01,0.128223
HKD,2002-01-01,0.128223
HKD,2002-02-01,0.128212
HKD,2002-03-01,0.12821
HKD,2002-04-01,0.128205
HKD,2002-05-01,0.128215
HKD,2002-06-01,0.128205
HKD,2002-07-01,0.128205
HKD,2002-08-01,0.128205
HKD,2002-09-01,0.128207
HKD,2002-10-01,0.128213
HKD,2002-11-01,0.128215
HKD,2002-12-01,0.128225
HKD,2003-01-01,0.128215
HKD,2003-02-01,0.128213
HKD,2003-03-01,0.12822
HKD,2003-04-01,0.128212
HKD,2003-05-01,0.12822
HKD,2003-06-01,0.128225
HKD,2003-07-01,0.128218
HKD,2003-08-01,0.128217
HKD,2003-09-01,0.128452
HKD,2003-10-01,0.129154
HKD,2003-11-01,0.128805
HKD,2003-12-01,0.128791
HKD,2004-01-01,0.128761
HKD,2004-02-01,0.128621
HKD,2004-03-01,0.12832
HKD,2004-04-01,0.128254
HKD,2004-05-01,0.128253
HKD,2004-06-01,0.128238
HKD,2004-07-01,0.128205
HKD,2004-08-01,0.12821
HKD,2004-09-01,0.128213
HKD,2004-10-01,0.128388
HKD,2004-11-01,0.128609
HKD,2004-12-01,0.128601
HKD,2005-01-01,0.128291
HKD,2005-02-01,0.128215
HKD,2005-03-01,0.128215
HKD,2005-04-01,0.128231
HKD,2005-05-01,0.128347
HKD,2005-06-01,0.128609
HKD,2005-07-01,0.128616
HKD,2005-08-01,0.128685
HKD,2005-09-01,0.128836
HKD,2005-10-01,0.128934
HKD,2005-11-01,0.128969
HKD,2005-12-01,0.128981
HKD,2006-01-01,0.128971
HKD,2006-02-01,0.128878
HKD,2006-03-01,0.128881
HKD,2006-04-01,0.128931
HKD,2006-05-01,0.128969
HKD,2006-06-01,0.128806
HKD,2006-07-01,0.128644
HKD,2006-08-01,0.128598
HKD,2006-09-01,0.128493
HKD,2006-10-01,0.128454
HKD,2006-11-01,0.128508
HKD,2006-12-01,0.128645
HKD,2007-01-01,0.128205
HKD,2007-02-01,0.128018
HKD,2007-03-01,0.127989
HKD,2007-04-01,0.127953
HKD,2007-05-01,0.127898
HKD,2007-06-01,0.127972
HKD,2007-07-01,0.127882
HKD,2007-08-01,0.127951
HKD,2007-09-01,0.128495
HKD,2007-10-01,0.128957
HKD,2007-11-01,0.128578
HKD,2007-12-01,0.128233
HKD,2008-01-01,0.128133
HKD,2008-02-01,0.128266
HKD,2008-03-01,0.128513
HKD,2008-04-01,0.128353
HKD,2008-05-01,0.128225
HKD,2008-06-01,0.128085
HKD,2008-07-01,0.128203
HKD,2008-08-01,0.12808
HKD,2008-09-01,0.128446
HKD,2008-10-01,0.128886
HKD,2008-11-01,0.129021
HKD,2008-12-01,0.129026
HKD,2009-01-01,0.128927
HKD,2009-02-01,0.128976
HKD,2009-03-01,0.128982
HKD,2009-04-01,0.129031
HKD,2009-05-01,0.129016
HKD,2009-06-01,0.129024
HKD,2009-07-01,0.129032
HKD,2009-08-01,0.129022
HKD,2009-09-01,0.129027
HKD,2009-10-01,0.129037
HKD,2009-11-01,0.129037
HKD,2009-12-01,0.128989
HKD,2010-01-01,0.128826
HKD,2010-02-01,0.12875
HKD,2010-03-01,0.128846
HKD,2010-04-01,0.128821
HKD,2010-05-01,0.128442
HKD,2010-06-01,0.128403
HKD,2010-07-01,0.128612
HKD,2010-08-01,0.128697
HKD,2010-09-01,0.128795
HKD,2010-10-01,0.128899
HKD,2010-11-01,0.128956
HKD,2010-12-01,0.128641
HKD,2011-01-01,0.12853
HKD,2011-02-01,0.128378
HKD,2011-03-01,0.128348
HKD,2011-04-01,0.128674
HKD,2011-05-01,0.128631
HKD,2011-06-01,0.128452
HKD,2011-07-01,0.128383
HKD,2011-08-01,0.128263
HKD,2011-09-01,0.128299
HKD,2011-10-01,0.128578
HKD,2011-11-01,0.12852
HKD,2011-12-01,0.128589
HKD,2012-01-01,0.128829
HKD,2012-02-01,0.128959
HKD,2012-03-01,0.128833
HKD,2012-04-01,0.128831
HKD,2012-05-01,0.1288
HKD,2012-06-01,0.128883
HKD,2012-07-01,0.128931
HKD,2012-08-01,0.128929
HKD,2012-09-01,0.128966
HKD,2012-10-01,0.129007
HKD,2012-11-01,0.129024
HKD,2012-12-01,0.129031
HKD,2013-01-01,0.128982
HKD,2013-02-01,0.128946
HKD,2013-03-01,0.128879
HKD,2013-04-01,0.128815
HKD,2013-05-01,0.128843
HKD,2013-06-01,0.128863
HKD,2013-07-01,0.128921
HKD,2013-08-01,0.128944
HKD,2013-09-01,0.128961
HKD,2013-10-01,0.128972
HKD,2013-11-01,0.128994
HKD,2013-12-01,0.128974
HKD,2014-01-01,0.128903
HKD,2014-02-01,0.128891
HKD,2014-03-01,0.128846
HKD,2014-04-01,0.128966
HKD,2014-05-01,0.128994
HKD,2014-06-01,0.129006
HKD,2014-07-01,0.129029
HKD,2014-08-01,0.129026
HKD,2014-09-01,0.128989
HKD,2014-10-01,0.128912
HKD,2014-11-01,0.128961
HKD,2014-12-01,0.128964
HKD,2015-01-01,0.128981
HKD,2015-02-01,0.128947
HKD,2015-03-01,0.128893
HKD,2015-04-01,0.129017
HKD,2015-05-01,0.128987
HKD,2015-06-01,0.128986
HKD,2015-07-01,0.129009
HKD,2015-08-01,0.128982
HKD,2015-09-01,0.129031
HKD,2015-10-01,0.129034
HKD,2015-11-01,0.129022
HKD,2015-12-01,0.129021
HKD,2016-01-01,0.128515
HKD,2016-02-01,0.128487
HKD,2016-03-01,0.128859
HKD,2016-04-01,0.128939
HKD,2016-05-01,0.128808
HKD,2016-06-01,0.128833
HKD,2016-07-01,0.128919
HKD,2016-08-01,0.128932
HKD,2016-09-01,0.128926
HKD,2016-10-01,0.128916
HKD,2016-11-01,0.128932
HKD,2016-12-01,0.128889
HKD,2017-01-01,0.128932
HKD,2017-02-01,0.128873
HKD,2017-03-01,0.12877
HKD,2017-04-01,0.128639
HKD,2017-05-01,0.128429
HKD,2017-06-01,0.128231
HKD,2017-07-01,0.128056
HKD,2017-08-01,0.127849
HKD,2017-09-01,0.127997
HKD,2017-10-01,0.128118
HKD,2017-11-01,0.12812
HKD,2017-12-01,0.127995
HKD,2018-01-01,0.127894
HKD,2018-02-01,0.127841
HKD,2018-03-01,0.12753
HKD,2018-04-01,0.127418
HKD,2018-05-01,0.12741
HKD,2018-06-01,0.127436
HKD,2018-07-01,0.127426
HKD,2018-08-01,0.127402
HKD,2018-09-01,0.12761
HKD,2018-10-01,0.127592
HKD,2018-11-01,0.127737
HKD,2018-12-01,0.127887
HKD,2019-01-01,0.127533
HKD,2019-02-01,0.127426
HKD,2019-03-01,0.127402
HKD,2019-04-01,0.127478
HKD,2019-05-01,0.127424
HKD,2019-06-01,0.127779
HKD,2019-07-01,0.127987
HKD,2019-08-01,0.127518
HKD,2019-09-01,0.127632
HKD,2019-10-01,0.127517
HKD,2019-11-01,0.127748
HKD,2019-12-01,0.128131
HKD,2020-01-01,0.128659
HKD,2020-02-01,0.128606
HKD,2020-03-01,0.128781
HKD,2020-04-01,0.129012
HKD,2020-05-01,0.129001
HKD,2020-06-01,0.129031
HKD,2020-07-01,0.129017
HKD,2020-08-01,0.129029
HKD,2020-09-01,0.129032
HKD,2020-10-01,0.129027
HKD,2020-11-01,0.128989
HKD,2020-12-01,0.129001
HKD,2021-01-01,0.128977
HKD,2021-02-01,0.128984
HKD,2021-03-01,0.128781
HKD,2021-04-01,0.128715
HKD,2021-05-01,0.128776
HKD,2021-06-01,0.128838
HKD,2021-07-01,0.128692
HKD,2021-08-01,0.128479
HKD,2021-09-01,0.128523
HKD,2021-10-01,0.128546
HKD,2021-11-01,0.128376
HKD,2021-12-01,0.128222
HKD,2022-01-01,0.128342
HKD,2022-02-01,0.128218
HKD,2022-03-01,0.127831
HKD,2022-04-01,0.127528
HKD,2022-05-01,0.127405
HKD,2022-06-01,0.127419
HKD,2022-07-01,0.127405
HKD,2022-08-01,0.127445
HKD,2022-09-01,0.127398
HKD,2022-10-01,0.127392
HKD,2022-11-01,0.127701
HKD,2022-12-01,0.128446
HKD,2023-01-01,0.127871
HKD,2023-02-01,0.127436
HKD,2023-03-01,0.12741
HKD,2023-04-01,0.127395
HKD,2023-05-01,0.127595
HKD,2023-06-01,0.127665
HKD,2023-07-01,0.127949
HKD,2023-08-01,0.127774
HKD,2023-09-01,0.127738
HKD,2023-10-01,0.127802
HKD,2023-11-01,0.128089
HKD,2023-12-01,0.128044
HKD,2024-01-01,0.127936
HKD,2024-02-01,0.127848
HKD,2024-03-01,0.127828
HKD,2024-04-01,0.127706
HKD,2024-05-01,0.12801
HKD,2024-06-01,0.128041
HKD,2024-07-01,0.128049
HKD,2024-08-01,0.128268
HKD,2024-09-01,0.128353
HKD,2024-10-01,0.128689
HKD,2024-11-01,0.128538
HKD,2024-12-01,0.128644
HKD,2025-01-01,0.128449
HKD,2025-02-01,0.128503
HKD,2025-03-01,0.128654
HKD,2025-04-01,0.128815
HKD,2025-05-01,0.12818
HKD,2025-06-01,0.127411
HKD,2025-07-01,0.127395
HKD,2025-08-01,0.127779
HKD,2025-09-01,0.128457
HKD,2025-10-01,0.128626
HKD,2025-11-01,0.128578
HKD,2025-12-01,0.128521
HKD,2026-01-01,0.128263
HKD,2026-02-01,0.127938
HKD,2026-03-01,0.127766
HKD,2026-04-01,0.127658
HKD,2026-05-01,0.127667
HKD,2026-06-01,0.127588
HKD,2026-07-01,0.12754
HKD,2026-08-01,0.12751
HKD,2026-09-01,0.127504
JPY,2000-01-01,0.009497
JPY,2000-02-01,0.009142
JPY,2000-03-01,0.009406
JPY,2000-04-01,0.009467
JPY,2000-05-01,0.009232
JPY,2000-06-01,0.009422
JPY,2000-07-01,0.009241
JPY,2000-08-01,0.009252
JPY,2000-09-01,0.00936
JPY,2000-10-01,0.009222
JPY,2000-11-01,0.009173
JPY,2000-12-01,0.008912
JPY,2001-01-01,0.008571
JPY,2001-02-01,0.008604
JPY,2001-03-01,0.00823
JPY,2001-04-01,0.00808
JPY,2001-05-01,0.008212
JPY,2001-06-01,0.008173
JPY,2001-07-01,0.008032
JPY,2001-08-01,0.008239
JPY,2001-09-01,0.008431
JPY,2001-10-01,0.008234
JPY,2001-11-01,0.008169
JPY,2001-12-01,0.007838
JPY,2002-01-01,0.007537
JPY,2002-02-01,0.007483
JPY,2002-03-01,0.00763
JPY,2002-04-01,0.007647
JPY,2002-05-01,0.007913
JPY,2002-06-01,0.008111
JPY,2002-07-01,0.008482
JPY,2002-08-01,0.008404
JPY,2002-09-01,0.008259
JPY,2002-10-01,0.00807
JPY,2002-11-01,0.008223
JPY,2002-12-01,0.008204
JPY,2003-01-01,0.008417
JPY,2003-02-01,0.008379
JPY,2003-03-01,0.008425
JPY,2003-04-01,0.00834
JPY,2003-05-01,0.00852
JPY,2003-06-01,0.008451
JPY,2003-07-01,0.008425
JPY,2003-08-01,0.008427
JPY,2003-09-01,0.008711
JPY,2003-10-01,0.009132
JPY,2003-11-01,0.009159
JPY,2003-12-01,0.009282
JPY,2004-01-01,0.00941
JPY,2004-02-01,0.009371
JPY,2004-03-01,0.009215
JPY,2004-04-01,0.009289
JPY,2004-05-01,0.008913
JPY,2004-06-01,0.009138
JPY,2004-07-01,0.009133
JPY,2004-08-01,0.009072
JPY,2004-09-01,0.009083
JPY,2004-10-01,0.009193
JPY,2004-11-01,0.009551
JPY,2004-12-01,0.009633
JPY,2005-01-01,0.009677
JPY,2005-02-01,0.009529
JPY,2005-03-01,0.009501
JPY,2005-04-01,0.009329
JPY,2005-05-01,0.009381
JPY,2005-06-01,0.009195
JPY,2005-07-01,0.008933
JPY,2005-08-01,0.009041
JPY,2005-09-01,0.00899
JPY,2005-10-01,0.008705
JPY,2005-11-01,0.008442
JPY,2005-12-01,0.008442
JPY,2006-01-01,0.00866
JPY,2006-02-01,0.008485
JPY,2006-03-01,0.008527
JPY,2006-04-01,0.008542
JPY,2006-05-01,0.00895
JPY,2006-06-01,0.008724
JPY,2006-07-01,0.008638
JPY,2006-08-01,0.008627
JPY,2006-09-01,0.008532
JPY,2006-10-01,0.008431
JPY,2006-11-01,0.008524
JPY,2006-12-01,0.008524
JPY,2007-01-01,0.008302
JPY,2007-02-01,0.008299
JPY,2007-03-01,0.008528
JPY,2007-04-01,0.008408
JPY,2007-05-01,0.00828
JPY,2007-06-01,0.008151
JPY,2007-07-01,0.008237
JPY,2007-08-01,0.008567
JPY,2007-09-01,0.008693
JPY,2007-10-01,0.00863
JPY,2007-11-01,0.009003
JPY,2007-12-01,0.008893
JPY,2008-01-01,0.009275
JPY,2008-02-01,0.009343
JPY,2008-03-01,0.009925
JPY,2008-04-01,0.009739
JPY,2008-05-01,0.009582
JPY,2008-06-01,0.009353
JPY,2008-07-01,0.009359
JPY,2008-08-01,0.009144
JPY,2008-09-01,0.009384
JPY,2008-10-01,0.010003
JPY,2008-11-01,0.010312
JPY,2008-12-01,0.010955
JPY,2009-01-01,0.011096
JPY,2009-02-01,0.010762
JPY,2009-03-01,0.010219
JPY,2009-04-01,0.010109
JPY,2009-05-01,0.010348
JPY,2009-06-01,0.010351
JPY,2009-07-01,0.010597
JPY,2009-08-01,0.010537
JPY,2009-09-01,0.010957
JPY,2009-10-01,0.011066
JPY,2009-11-01,0.011202
JPY,2009-12-01,0.011117
JPY,2010-01-01,0.010977
JPY,2010-02-01,0.011094
JPY,2010-03-01,0.011023
JPY,2010-04-01,0.010701
JPY,2010-05-01,0.010873
JPY,2010-06-01,0.011012
JPY,2010-07-01,0.011429
JPY,2010-08-01,0.011714
JPY,2010-09-01,0.011854
JPY,2010-10-01,0.012235
JPY,2010-11-01,0.012118
JPY,2010-12-01,0.011999
JPY,2011-01-01,0.012102
JPY,2011-02-01,0.012115
JPY,2011-03-01,0.012247
JPY,2011-04-01,0.012022
JPY,2011-05-01,0.012326
JPY,2011-06-01,0.012433
JPY,2011-07-01,0.01262
JPY,2011-08-01,0.012992
JPY,2011-09-01,0.013021
JPY,2011-10-01,0.013048
JPY,2011-11-01,0.012893
JPY,2011-12-01,0.012853
JPY,2012-01-01,0.012994
JPY,2012-02-01,0.012744
JPY,2012-03-01,0.012126
JPY,2012-04-01,0.012308
JPY,2012-05-01,0.012552
JPY,2012-06-01,0.012607
JPY,2012-07-01,0.012669
JPY,2012-08-01,0.012708
JPY,2012-09-01,0.012798
JPY,2012-10-01,0.012657
JPY,2012-11-01,0.012341
JPY,2012-12-01,0.011935
JPY,2013-01-01,0.011228
JPY,2013-02-01,0.010753
JPY,2013-03-01,0.010552
JPY,2013-04-01,0.010229
JPY,2013-05-01,0.009909
JPY,2013-06-01,0.010284
JPY,2013-07-01,0.010033
JPY,2013-08-01,0.010224
JPY,2013-09-01,0.01008
JPY,2013-10-01,0.010228
JPY,2013-11-01,0.009993
JPY,2013-12-01,0.009666
JPY,2014-01-01,0.009638
JPY,2014-02-01,0.009791
JPY,2014-03-01,0.009771
JPY,2014-04-01,0.00976
JPY,2014-05-01,0.009826
JPY,2014-06-01,0.009798
JPY,2014-07-01,0.009829
JPY,2014-08-01,0.009714
JPY,2014-09-01,0.009308
JPY,2014-10-01,0.009257
JPY,2014-11-01,0.008598
JPY,2014-12-01,0.008381
JPY,2015-01-01,0.008457
JPY,2015-02-01,0.00842
JPY,2015-03-01,0.008306
JPY,2015-04-01,0.008368
JPY,2015-05-01,0.008278
JPY,2015-06-01,0.008083
JPY,2015-07-01,0.00811
JPY,2015-08-01,0.00813
JPY,2015-09-01,0.008323
JPY,2015-10-01,0.00833
JPY,2015-11-01,0.008154
JPY,2015-12-01,0.008221
JPY,2016-01-01,0.008458
JPY,2016-02-01,0.008724
JPY,2016-03-01,0.008855
JPY,2016-04-01,0.009128
JPY,2016-05-01,0.009187
JPY,2016-06-01,0.009492
JPY,2016-07-01,0.009598
JPY,2016-08-01,0.009878
JPY,2016-09-01,0.009825
JPY,2016-10-01,0.009624
JPY,2016-11-01,0.009222
JPY,2016-12-01,0.008621
JPY,2017-01-01,0.008705
JPY,2017-02-01,0.008857
JPY,2017-03-01,0.008856
JPY,2017-04-01,0.009083
JPY,2017-05-01,0.008909
JPY,2017-06-01,0.009016
JPY,2017-07-01,0.008895
JPY,2017-08-01,0.009105
JPY,2017-09-01,0.009027
JPY,2017-10-01,0.008857
JPY,2017-11-01,0.008864
JPY,2017-12-01,0.008854
JPY,2018-01-01,0.00902
JPY,2018-02-01,0.009262
JPY,2018-03-01,0.00943
JPY,2018-04-01,0.009289
JPY,2018-05-01,0.009117
JPY,2018-06-01,0.009086
JPY,2018-07-01,0.008967
JPY,2018-08-01,0.009009
JPY,2018-09-01,0.008921
JPY,2018-10-01,0.008872
JPY,2018-11-01,0.008823
JPY,2018-12-01,0.008913
JPY,2019-01-01,0.009178
JPY,2019-02-01,0.009055
JPY,2019-03-01,0.008998
JPY,2019-04-01,0.008957
JPY,2019-05-01,0.009093
JPY,2019-06-01,0.009253
JPY,2019-07-01,0.009234
JPY,2019-08-01,0.009417
JPY,2019-09-01,0.009299
JPY,2019-10-01,0.009247
JPY,2019-11-01,0.009186
JPY,2019-12-01,0.009166
JPY,2020-01-01,0.009152
JPY,2020-02-01,0.009088
JPY,2020-03-01,0.009288
JPY,2020-04-01,0.009282
JPY,2020-05-01,0.009328
JPY,2020-06-01,0.009295
JPY,2020-07-01,0.009374
JPY,2020-08-01,0.009433
JPY,2020-09-01,0.009471
JPY,2020-10-01,0.009505
JPY,2020-11-01,0.009578
JPY,2020-12-01,0.009634
JPY,2021-01-01,0.009635
JPY,2021-02-01,0.009489
JPY,2021-03-01,0.0092
JPY,2021-04-01,0.009171
JPY,2021-05-01,0.009165
JPY,2021-06-01,0.009082
JPY,2021-07-01,0.009074
JPY,2021-08-01,0.009103
JPY,2021-09-01,0.009078
JPY,2021-10-01,0.00884
JPY,2021-11-01,0.008774
JPY,2021-12-01,0.008785
JPY,2022-01-01,0.008709
JPY,2022-02-01,0.008675
JPY,2022-03-01,0.008433
JPY,2022-04-01,0.007913
JPY,2022-05-01,0.007761
JPY,2022-06-01,0.007465
JPY,2022-07-01,0.007315
JPY,2022-08-01,0.007392
JPY,2022-09-01,0.006979
JPY,2022-10-01,0.0068
JPY,2022-11-01,0.00702
JPY,2022-12-01,0.007412
JPY,2023-01-01,0.007666
JPY,2023-02-01,0.007516
JPY,2023-03-01,0.007482
JPY,2023-04-01,0.007492
JPY,2023-05-01,0.007297
JPY,2023-06-01,0.007074
JPY,2023-07-01,0.007095
JPY,2023-08-01,0.006907
JPY,2023-09-01,0.006764
JPY,2023-10-01,0.006685
JPY,2023-11-01,0.006681
JPY,2023-12-01,0.006945
JPY,2024-01-01,0.006836
JPY,2024-02-01,0.006684
JPY,2024-03-01,0.006675
JPY,2024-04-01,0.006498
JPY,2024-05-01,0.006416
JPY,2024-06-01,0.006335
JPY,2024-07-01,0.006348
JPY,2024-08-01,0.006837
JPY,2024-09-01,0.006995
JPY,2024-10-01,0.006672
JPY,2024-11-01,0.006506
JPY,2024-12-01,0.006502
JPY,2025-01-01,0.006391
JPY,2025-02-01,0.006598
JPY,2025-03-01,0.006709
JPY,2025-04-01,0.006938
JPY,2025-05-01,0.006902
JPY,2025-06-01,0.006921
JPY,2025-07-01,0.006793
JPY,2025-08-01,0.006781
JPY,2025-09-01,0.006763
JPY,2025-10-01,0.006607
JPY,2025-11-01,0.006446
JPY,2025-12-01,0.006414
JPY,2026-01-01,0.006384
JPY,2026-02-01,0.006447
JPY,2026-03-01,0.006302
JPY,2026-04-01,0.006285
JPY,2026-05-01,0.006323
JPY,2026-06-01,0.00622
JPY,2026-07-01,0.00616
JPY,2026-08-01,0.006295
JPY,2026-09-01,0.0064
NZD,2000-01-01,0.5127
NZD,2000-02-01,0.4903
NZD,2000-03-01,0.4902
NZD,2000-04-01,0.496
NZD,2000-05-01,0.4708
NZD,2000-06-01,0.4705
NZD,2000-07-01,0.4597
NZD,2000-08-01,0.4452
NZD,2000-09-01,0.4171
NZD,2000-10-01,0.4001
NZD,2000-11-01,0.399
NZD,2000-12-01,0.4297
NZD,2001-01-01,0.4442
NZD,2001-02-01,0.4345
NZD,2001-03-01,0.4182
NZD,2001-04-01,0.4069
NZD,2001-05-01,0.4218
NZD,2001-06-01,0.4141
NZD,2001-07-01,0.4081
NZD,2001-08-01,0.4314
NZD,2001-09-01,0.4173
NZD,2001-10-01,0.4139
NZD,2001-11-01,0.4158
NZD,2001-12-01,0.4157
NZD,2002-01-01,0.4245
NZD,2002-02-01,0.4187
NZD,2002-03-01,0.4333
NZD,2002-04-01,0.4428
NZD,2002-05-01,0.461
NZD,2002-06-01,0.4886
NZD,2002-07-01,0.4809
NZD,2002-08-01,0.4635
NZD,2002-09-01,0.4702
NZD,2002-10-01,0.4818
NZD,2002-11-01,0.4973
NZD,2002-12-01,0.5108
NZD,2003-01-01,0.5398
NZD,2003-02-01,0.5539
NZD,2003-03-01,0.5537
NZD,2003-04-01,0.5518
NZD,2003-05-01,0.5756
NZD,2003-06-01,0.5815
NZD,2003-07-01,0.5864
NZD,2003-08-01,0.5829
NZD,2003-09-01,0.5843
NZD,2003-10-01,0.602
NZD,2003-11-01,0.6285
NZD,2003-12-01,0.6471
NZD,2004-01-01,0.6738
NZD,2004-02-01,0.6916
NZD,2004-03-01,0.6607
NZD,2004-04-01,0.6415
NZD,2004-05-01,0.6151
NZD,2004-06-01,0.6284
NZD,2004-07-01,0.6467
NZD,2004-08-01,0.6561
NZD,2004-09-01,0.6594
NZD,2004-10-01,0.6846
NZD,2004-11-01,0.7009
NZD,2004-12-01,0.7149
NZD,2005-01-01,0.7065
NZD,2005-02-01,0.7155
NZD,2005-03-01,0.73
NZD,2005-04-01,0.7209
NZD,2005-05-01,0.7191
NZD,2005-06-01,0.7083
NZD,2005-07-01,0.6789
NZD,2005-08-01,0.6956
NZD,2005-09-01,0.6987
NZD,2005-10-01,0.6983
NZD,2005-11-01,0.6897
NZD,2005-12-01,0.6947
NZD,2006-01-01,0.6872
NZD,2006-02-01,0.6735
NZD,2006-03-01,0.6342
NZD,2006-04-01,0.622
NZD,2006-05-01,0.6311
NZD,2006-06-01,0.619
NZD,2006-07-01,0.6178
NZD,2006-08-01,0.6348
NZD,2006-09-01,0.6551
NZD,2006-10-01,0.6621
NZD,2006-11-01,0.6693
NZD,2006-12-01,0.6933
NZD,2007-01-01,0.6947
NZD,2007-02-01,0.6934
NZD,2007-03-01,0.6995
NZD,2007-04-01,0.7345
NZD,2007-05-01,0.7334
NZD,2007-06-01,0.757
NZD,2007-07-01,0.7862
NZD,2007-08-01,0.7259
NZD,2007-09-01,0.7188
NZD,2007-10-01,0.7603
NZD,2007-11-01,0.7631
NZD,2007-12-01,0.769
NZD,2008-01-01,0.774
NZD,2008-02-01,0.7969
NZD,2008-03-01,0.8004
NZD,2008-04-01,0.7897
NZD,2008-05-01,0.7777
NZD,2008-06-01,0.7616
NZD,2008-07-01,0.7546
NZD,2008-08-01,0.7091
NZD,2008-09-01,0.6739
NZD,2008-10-01,0.6077
NZD,2008-11-01,0.5664
NZD,2008-12-01,0.5597
NZD,2009-01-01,0.551
NZD,2009-02-01,0.516
NZD,2009-03-01,0.5336
NZD,2009-04-01,0.5729
NZD,2009-05-01,0.6014
NZD,2009-06-01,0.6386
NZD,2009-07-01,0.6444
NZD,2009-08-01,0.6766
NZD,2009-09-01,0.7046
NZD,2009-10-01,0.7386
NZD,2009-11-01,0.7301
NZD,2009-12-01,0.7169
NZD,2010-01-01,0.7263
NZD,2010-02-01,0.6973
NZD,2010-03-01,0.7036
NZD,2010-04-01,0.7122
NZD,2010-05-01,0.6984
NZD,2010-06-01,0.6926
NZD,2010-07-01,0.7145
NZD,2010-08-01,0.715
NZD,2010-09-01,0.7288
NZD,2010-10-01,0.752
NZD,2010-11-01,0.7723
NZD,2010-12-01,0.7511
NZD,2011-01-01,0.7656
NZD,2011-02-01,0.762
NZD,2011-03-01,0.7423
NZD,2011-04-01,0.7894
NZD,2011-05-01,0.7959
NZD,2011-06-01,0.8157
NZD,2011-07-01,0.848
NZD,2011-08-01,0.8379
NZD,2011-09-01,0.8119
NZD,2011-10-01,0.7912
NZD,2011-11-01,0.7714
NZD,2011-12-01,0.7699
NZD,2012-01-01,0.8015
NZD,2012-02-01,0.8349
NZD,2012-03-01,0.8201
NZD,2012-04-01,0.818
NZD,2012-05-01,0.7748
NZD,2012-06-01,0.7806
NZD,2012-07-01,0.7986
NZD,2012-08-01,0.8104
NZD,2012-09-01,0.8199
NZD,2012-10-01,0.8197
NZD,2012-11-01,0.8195
NZD,2012-12-01,0.8312
NZD,2013-01-01,0.837
NZD,2013-02-01,0.8385
NZD,2013-03-01,0.8284
NZD,2013-04-01,0.8479
NZD,2013-05-01,0.8249
NZD,2013-06-01,0.7904
NZD,2013-07-01,0.7885
NZD,2013-08-01,0.7916
NZD,2013-09-01,0.8163
NZD,2013-10-01,0.8345
NZD,2013-11-01,0.8259
NZD,2013-12-01,0.8224
NZD,2014-01-01,0.8275
NZD,2014-02-01,0.8297
NZD,2014-03-01,0.8539
NZD,2014-04-01,0.8606
NZD,2014-05-01,0.8605
NZD,2014-06-01,0.8621
NZD,2014-07-01,0.8687
NZD,2014-08-01,0.8437
NZD,2014-09-01,0.8134
NZD,2014-10-01,0.7876
NZD,2014-11-01,0.7834
NZD,2014-12-01,0.7766
NZD,2015-01-01,0.7628
NZD,2015-02-01,0.7454
NZD,2015-03-01,0.746
NZD,2015-04-01,0.7596
NZD,2015-05-01,0.7383
NZD,2015-06-01,0.6985
NZD,2015-07-01,0.665
NZD,2015-08-01,0.6549
NZD,2015-09-01,0.6339
NZD,2015-10-01,0.6693
NZD,2015-11-01,0.6554
NZD,2015-12-01,0.6748
NZD,2016-01-01,0.6534
NZD,2016-02-01,0.6633
NZD,2016-03-01,0.6745
NZD,2016-04-01,0.6892
NZD,2016-05-01,0.6807
NZD,2016-06-01,0.7041
NZD,2016-07-01,0.7132
NZD,2016-08-01,0.7235
NZD,2016-09-01,0.7312
NZD,2016-10-01,0.7153
NZD,2016-11-01,0.7153
NZD,2016-12-01,0.7039
NZD,2017-01-01,0.7132
NZD,2017-02-01,0.7229
NZD,2017-03-01,0.7006
NZD,2017-04-01,0.6969
NZD,2017-05-01,0.6946
NZD,2017-06-01,0.7233
NZD,2017-07-01,0.7358
NZD,2017-08-01,0.7303
NZD,2017-09-01,0.7259
NZD,2017-10-01,0.7041
NZD,2017-11-01,0.6886
NZD,2017-12-01,0.6966
NZD,2018-01-01,0.7263
NZD,2018-02-01,0.7305
NZD,2018-03-01,0.7258
NZD,2018-04-01,0.7244
NZD,2018-05-01,0.6953
NZD,2018-06-01,0.6942
NZD,2018-07-01,0.6789
NZD,2018-08-01,0.6669
NZD,2018-09-01,0.6598
NZD,2018-10-01,0.6537
NZD,2018-11-01,0.6777
NZD,2018-12-01,0.6819
NZD,2019-01-01,0.6782
NZD,2019-02-01,0.683
NZD,2019-03-01,0.6835
NZD,2019-04-01,0.6715
NZD,2019-05-01,0.6562
NZD,2019-06-01,0.6602
NZD,2019-07-01,0.6679
NZD,2019-08-01,0.6434
NZD,2019-09-01,0.6345
NZD,2019-10-01,0.6337
NZD,2019-11-01,0.6397
NZD,2019-12-01,0.6599
NZD,2020-01-01,0.6601
NZD,2020-02-01,0.639
NZD,2020-03-01,0.6056
NZD,2020-04-01,0.6015
NZD,2020-05-01,0.6087
NZD,2020-06-01,0.6448
NZD,2020-07-01,0.6593
NZD,2020-08-01,0.66
NZD,2020-09-01,0.6665
NZD,2020-10-01,0.6638
NZD,2020-11-01,0.6856
NZD,2020-12-01,0.7093
NZD,2021-01-01,0.72
NZD,2021-02-01,0.7245
NZD,2021-03-01,0.7136
NZD,2021-04-01,0.7127
NZD,2021-05-01,0.7225
NZD,2021-06-01,0.7106
NZD,2021-07-01,0.6981
NZD,2021-08-01,0.6979
NZD,2021-09-01,0.7053
NZD,2021-10-01,0.7064
NZD,2021-11-01,0.7019
NZD,2021-12-01,0.6786
NZD,2022-01-01,0.6742
NZD,2022-02-01,0.6678
NZD,2022-03-01,0.6868
NZD,2022-04-01,0.6755
NZD,2022-05-01,0.6393
NZD,2022-06-01,0.6352
NZD,2022-07-01,0.6196
NZD,2022-08-01,0.6266
NZD,2022-09-01,0.5918
NZD,2022-10-01,0.5703
NZD,2022-11-01,0.6061
NZD,2022-12-01,0.6353
NZD,2023-01-01,0.6402
NZD,2023-02-01,0.6288
NZD,2023-03-01,0.6207
NZD,2023-04-01,0.621
NZD,2023-05-01,0.6214
NZD,2023-06-01,0.6135
NZD,2023-07-01,0.6232
NZD,2023-08-01,0.5996
NZD,2023-09-01,0.5931
NZD,2023-10-01,0.5894
NZD,2023-11-01,0.6005
NZD,2023-12-01,0.6223
NZD,2024-01-01,0.6168
NZD,2024-02-01,0.6123
NZD,2024-03-01,0.6081
NZD,2024-04-01,0.5957
NZD,2024-05-01,0.6066
NZD,2024-06-01,0.6139
NZD,2024-07-01,0.603
NZD,2024-08-01,0.6088
NZD,2024-09-01,0.6224
NZD,2024-10-01,0.6076
NZD,2024-11-01,0.5908
NZD,2024-12-01,0.5748
NZD,2025-01-01,0.5633
NZD,2025-02-01,0.568
NZD,2025-03-01,0.5727
NZD,2025-04-01,0.5837
NZD,2025-05-01,0.5936
NZD,2025-06-01,0.6036
NZD,2025-07-01,0.5992
NZD,2025-08-01,0.5903
NZD,2025-09-01,0.5884
NZD,2025-10-01,0.5765
NZD,2025-11-01,0.5652
NZD,2025-12-01,0.5787
NZD,2026-01-01,0.5851
NZD,2026-02-01,0.6009
NZD,2026-03-01,0.5848
NZD,2026-04-01,0.5847
NZD,2026-05-01,0.5906
NZD,2026-06-01,0.5782
NZD,2026-07-01,0.5785
NZD,2026-08-01,0.5909
NZD,2026-09-01,0.5779
