car_id,year,make,model_trim_as_listed,hvt_url,hvt_spec,edition_date,v1_value,v1_hi,v1_lo,v2_value,v2_hi,v2_lo,v3_value,v3_hi,v3_lo,v4_value,v4_hi,v4_lo,quarterly_change,annual_change,three_year_change,trend_1_date,trend_1_value,trend_2_date,trend_2_value,trend_3_date,trend_3_value,trend_4_date,trend_4_value,exact_match,notes
1,1957,Chevrolet,Bel Air convertible,https://www.hagerty.com/valuation-tools/chevrolet/bel_air/1957/1957-chevrolet-bel_air-base?id=aCn1I000000CtndSAC,"2dr Convertible, 8-cyl. 283cid/220hp 4bbl",Jul 2026,"$141,000","$156,133","$125,867","$95,600","$110,733","$85,700","$65,900","$75,800","$57,700","$41,300","$49,500","$33,100",0%,+2.8%,-2.1%,Jul 2026,"$65,900",Apr 2026,"$65,900",Jan 2026,"$65,900",Oct 2025,"$62,200",yes,
2,1963,Chevrolet,Corvette Sting Ray coupe 327/340,https://www.hagerty.com/valuation-tools/chevrolet/corvette/1963/1963-chevrolet-corvette-base?id=aCn1I000000CsOtSAK,"2dr Split-Window Coupe, 8-cyl. 327cid/340hp 4bbl L76",Jul 2026,"$217,000","$232,000","$202,000","$172,000","$187,000","$159,000","$133,000","$146,000","$120,633","$95,900","$108,267","$83,533",-11.9%,-16.4%,+2.3%,Jul 2026,"$133,000",Apr 2026,"$151,000",Jan 2026,"$147,000",Oct 2025,"$143,000",yes,-10% for auto transmission; +5% for factory knock-off wheels; +$12.5k for a/c; +$2.5k for leather interior
3,1965,Ford,Mustang fastback 289,https://www.hagerty.com/valuation-tools/ford/mustang/1965/1965-ford-mustang-base?id=aCn1I000000CvGiSAK,"2dr Fastback, 8-cyl. 289cid/225hp 4bbl",Jul 2026,"$82,500","$89,933","$75,067","$60,200","$67,633","$56,567","$49,300","$52,933","$41,100","$24,700","$32,900","$16,500",0%,-4.1%,-6.6%,Jul 2026,"$49,300",Apr 2026,"$49,300",Jan 2026,"$51,400",Oct 2025,"$51,400",yes,-10% for auto transmission; +6% for a/c
4,1967,Chevrolet,Corvette L71 427/435 coupe,https://www.hagerty.com/valuation-tools/chevrolet/corvette/1967/1967-chevrolet-corvette-base?id=aCn1I000000CqlrSAC,"2dr Coupe, 8-cyl. 427cid/435hp 3x2bbl L71",Jul 2026,"$216,000","$234,000","$198,000","$162,000","$180,000","$144,000","$108,000","$126,000","$100,767","$86,300","$93,533","$79,067",0%,-3.6%,-5.3%,Jul 2026,"$108,000",Apr 2026,"$108,000",Jan 2026,"$108,000",Oct 2025,"$108,000",yes,-10% for auto transmission; +150% for 36-gal tank; +10% for bolt-on mag wheels; +5% for off-road exhaust; +5% for side-mount exhaust; +$2.5k for leather interior; +$5k for a/c
5,1969,Chevrolet,Camaro Z/28,https://www.hagerty.com/valuation-tools/chevrolet/camaro/1969/1969-chevrolet-camaro-z!!28_rs?id=aCn1I000000CryKSAS,"2dr Sport Coupe, 8-cyl. 302cid/290hp 4bbl",Jul 2026,"$190,000","$214,333","$165,667","$117,000","$141,333","$104,233","$78,700","$91,467","$71,967","$58,500","$65,233","$51,767",-9%,-10.6%,-9.5%,Jul 2026,"$78,700",Apr 2026,"$86,500",Jan 2026,"$80,100",Oct 2025,"$88,000",substituted,"Used 1969 Chevrolet Camaro Z/28 RS (Z/28 with Rally Sport package) page as nearest to listed Z/28, exact non-RS Z/28 page not in search results | +10% for JL8 brakes"
6,1970,Chevrolet,Chevelle SS 396,https://www.hagerty.com/valuation-tools/chevrolet/chevelle/1970/1970-chevrolet-chevelle-ss_396?id=aCn1I000000D2U4SAK,"2dr Sport Coupe, 8-cyl. 396cid/375hp 4bbl L78",Jul 2026,"$108,000","$114,333","$101,667","$89,000","$95,333","$82,833","$70,500","$76,667","$63,800","$50,400","$57,100","$43,700",+3.1%,+8.1%,+23.3%,Jul 2026,"$70,500",Apr 2026,"$68,400",Jan 2026,"$64,500",Oct 2025,"$65,200",yes,+15% for 4-speed manual transmission
7,1970,Plymouth,Cuda 340,https://www.hagerty.com/valuation-tools/plymouth/cuda/1970/1970-plymouth-cuda-aar?id=aCn1I000000DNGqSAO,"2dr Hardtop Coupe, 8-cyl. 340cid/290hp 3x2bbl Six Pack",Jul 2026,"$141,000","$152,667","$129,333","$106,000","$117,667","$94,067","$70,200","$82,133","$62,400","$46,800","$54,600","$39,000",0%,0%,-16.2%,Jul 2026,"$70,200",Apr 2026,"$70,200",Jan 2026,"$70,200",Oct 2025,"$70,200",substituted,"Base 1970 Cuda 340 (340cid/275hp) not in HVT, used 1970 Cuda AAR (340cid/290hp Six Pack) as nearest 340-powered 1970 Cuda | +10% for 4-speed; Note Colors can make an astonishing difference in both value and salability"
8,1969,Dodge,Charger R/T 440,https://www.hagerty.com/valuation-tools/dodge/charger/1969/1969-dodge-charger-r!!t?id=aCn1I000000DDomSAG,"2dr Hardtop Coupe, 8-cyl. 440cid/375hp 4bbl Hi-Perf",Jul 2026,"$115,000","$123,600","$106,400","$89,200","$97,800","$78,467","$57,000","$67,733","$51,933","$41,800","$46,867","$36,733",0%,-5.3%,-16.9%,Jul 2026,"$57,000",Apr 2026,"$57,000",Jan 2026,"$54,800",Oct 2025,"$60,200",yes,+15% for SE package; +20% for 4-speed; Note Colors can make an astonishing difference in both value and salability
9,1966,Shelby,GT350,https://www.hagerty.com/valuation-tools/shelby/gt350/1966/1966-shelby-gt350-base?id=aCn1I000000DPVXSA4,"2dr Fastback, 8-cyl. 289cid/306hp 4bbl",Jul 2026,"$378,000","$398,000","$358,000","$318,000","$338,000","$289,000","$231,000","$260,000","$201,667","$143,000","$172,333","$113,667",+6%,+13.2%,-3.3%,Jul 2026,"$231,000",Apr 2026,"$218,000",Jan 2026,"$204,000",Oct 2025,"$204,000",yes,+35% for 1965 carry-over cars up to S/N 252
10,1968,Pontiac,GTO,https://www.hagerty.com/valuation-tools/pontiac/gto/1968/1968-pontiac-gto-base?id=aCn1I000000DKsuSAG,"2dr Hardtop Coupe, 8-cyl. 400cid/350hp 4bbl",Jul 2026,"$58,700","$62,600","$54,800","$47,000","$50,900","$40,267","$26,800","$33,533","$23,067","$15,600","$19,333","$11,867",0%,-6%,-17.5%,Jul 2026,"$26,800",Apr 2026,"$26,800",Jan 2026,"$26,800",Oct 2025,"$28,500",yes,+10% for factory a/c; +15% for factory 4-speed; -10% for auto transmission
11,1955,Ford,Thunderbird,https://www.hagerty.com/valuation-tools/ford/thunderbird/1955/1955-ford-thunderbird-base?id=aCn1I000000DGbiSAG,"2dr Convertible, 8-cyl. 292cid/198hp 4bbl",Jul 2026,"$54,100","$59,867","$48,333","$36,800","$42,567","$32,400","$23,600","$28,000","$20,667","$14,800","$17,733","$11,867",+3.1%,-2.1%,-15.1%,Jul 2026,"$23,600",Apr 2026,"$22,900",Jan 2026,"$22,000",Oct 2025,"$22,900",yes,Note Prices assume both hard and soft tops; -$6k for hard top only; -$4k for soft top only; Note Deductions can never exceed 50% of condition #4 value
12,1959,Cadillac,Series 62 convertible,https://www.hagerty.com/valuation-tools/cadillac/series_62/1959/1959-cadillac-series_62-base?id=aCn1I000000DMmiSAG,"2dr Convertible, 8-cyl. 390cid/325hp 4bbl",Jul 2026,"$233,000","$250,000","$216,000","$182,000","$199,000","$161,000","$119,000","$140,000","$106,167","$80,500","$93,333","$67,667",0%,0%,0%,Jul 2026,"$119,000",Apr 2026,"$119,000",Jan 2026,"$119,000",Oct 2025,"$119,000",yes,
13,1971,Chevrolet,C10 short bed pickup,https://www.hagerty.com/valuation-tools/chevrolet/c10/1971/1971-chevrolet-c10-1!!2_ton?id=aCn1I000000DTlDSAW,"2dr Fleetside Short Bed Pickup, 8-cyl. 350cid/250hp 4bbl",Jul 2026,"$60,800","$64,767","$56,833","$48,900","$52,867","$41,800","$27,600","$34,700","$21,800","$10,200","$16,000","$4,400",0%,+6.2%,+6.6%,Jul 2026,"$27,600",Apr 2026,"$27,600",Jan 2026,"$26,000",Oct 2025,"$26,000",yes,
14,1976,Ford,Bronco,https://www.hagerty.com/valuation-tools/ford/bronco/1976/1976-ford-bronco-base?id=aCn1I000000D4ilSAC,"2dr Wagon 4x4, 8-cyl. 302cid/121hp 2bbl",Jul 2026,"$131,000","$152,033","$109,967","$67,900","$88,933","$62,300","$51,100","$56,700","$46,500","$37,300","$41,900","$32,700",0%,-12%,-16%,Jul 2026,"$51,100",Apr 2026,"$51,100",Jan 2026,"$58,100",Oct 2025,"$58,100",yes,"Used 302cid V8 (standard/most common engine, task did not specify engine)"
15,1965,Ford,F-100,https://www.hagerty.com/valuation-tools/ford/f~100/1965/1965-ford-f~100-1!!2_ton?id=aCn1I000000DTFoSAO,"2dr Styleside Short Bed, 6-cyl. 240cid/150hp 1bbl",Jul 2026,"$50,200","$58,100","$42,300","$26,500","$34,400","$22,800","$15,400","$19,100","$12,667","$7,200","$9,933","$4,467",0%,-4.3%,0%,Jul 2026,"$15,400",Apr 2026,"$15,400",Jan 2026,"$15,900",Oct 2025,"$15,900",yes,Used base 2WD Styleside Short Bed with 240cid I6 (task did not specify bed/drivetrain/engine)
16,1965,Porsche,356C coupe,https://www.hagerty.com/valuation-tools/porsche/356c/1965/1965-porsche-356c-base?id=aCn1I000000DQ3eSAG,"2dr Coupe, 4-cyl. 1582cc/75hp 2x2bbl",Jul 2026,"$225,000","$245,000","$205,000","$165,000","$185,000","$141,667","$95,000","$118,333","$87,333","$72,000","$79,667","$64,333",+6.7%,+11.8%,+17.3%,Jul 2026,"$95,000",Apr 2026,"$89,000",Jan 2026,"$89,000",Oct 2025,"$89,000",yes,Used base 75hp coupe (task did not specify SC vs base) | +5% for sunroof
17,1970,Porsche,911T coupe,https://www.hagerty.com/valuation-tools/porsche/911/1970/1970-porsche-911-t?id=aCn1I000000CtAWSA0,"2dr Coupe, 6-cyl. 2195cc/142hp 2x3bbl",Jul 2026,"$137,000","$150,000","$124,000","$98,000","$111,000","$87,667","$67,000","$77,333","$56,000","$34,000","$45,000","$23,000",0%,+3.1%,-4.3%,Jul 2026,"$67,000",Apr 2026,"$67,000",Jan 2026,"$67,000",Oct 2025,"$67,000",yes,+10% for a/c; +10% for 5-speed; +10% for factory sunroof; -15% for Sportomatic
18,1973,Porsche,911 Carrera RS 2.7 Touring,https://www.hagerty.com/valuation-tools/porsche/911/1973/1973-porsche-911-carrera_rs_2.7?id=aCn1I000000CrAxSAK,"2dr Coupe, 6-cyl. 2687cc/210hp MFI",Jul 2026,"$985,000","$1,066,667","$903,333","$740,000","$821,667","$641,667","$445,000","$543,333","$406,333","$329,000","$367,667","$290,333",0%,0%,-9%,Jul 2026,"$445,000",Apr 2026,"$445,000",Jan 2026,"$445,000",Oct 2025,"$445,000",yes,"Used standard RS 2.7 (Touring), not Lightweight | +10% for a/c; +10% for factory sunroof"
19,1966,Jaguar,E-Type Series 1 4.2 roadster,https://www.hagerty.com/valuation-tools/jaguar/e~type/1966/1966-jaguar-e~type-si_4.2?id=aCn1I000000Cvt7SAC,"2dr Roadster, 6-cyl. 4235cc/265hp 3x1bbl SU",Jul 2026,"$290,000","$317,667","$262,333","$207,000","$234,667","$168,500","$91,500","$130,000","$80,433","$58,300","$69,367","$47,233",+7%,-7.4%,-26.2%,Jul 2026,"$91,500",Apr 2026,"$85,500",Jan 2026,"$91,000",Oct 2025,"$95,800",yes,
20,1962,Mercedes-Benz,190SL,https://www.hagerty.com/valuation-tools/mercedes~benz/190sl/1962/1962-mercedes~benz-190sl-base?id=aCn1I000000DJZOSA4,"2dr Convertible, 4-cyl. 1897cc/120hp 2x2bbl Solex",Jul 2026,"$226,000","$261,667","$190,333","$119,000","$154,667","$104,167","$74,500","$89,333","$67,567","$53,700","$60,633","$46,767",0%,-13.8%,-10.3%,Jul 2026,"$74,500",Apr 2026,"$74,500",Jan 2026,"$84,700",Oct 2025,"$84,700",yes,+$25k for hard top
21,1971,Mercedes-Benz,280SL,https://www.hagerty.com/valuation-tools/mercedes~benz/280sl/1971/1971-mercedes~benz-280sl-base?id=aCn1I000000DSSxSAO,"2dr Convertible, 6-cyl. 2778cc/180hp Bosch FI",Jul 2026,"$238,000","$267,333","$208,667","$150,000","$179,333","$127,300","$81,900","$104,600","$68,733","$42,400","$55,567","$29,233",0%,+2.6%,+8.8%,Jul 2026,"$81,900",Apr 2026,"$81,900",Jan 2026,"$87,100",Oct 2025,"$82,200",yes,-$3k for no hard top; +3% for 4-speed; +13% for ZF 5-speed; +15% for a/c
22,1957,Mercedes-Benz,300SL Roadster,https://www.hagerty.com/valuation-tools/mercedes~benz/300sl/1957/1957-mercedes~benz-300sl-base?id=aCn1I000000DRcrSAG,"2dr Roadster, 6-cyl. 2996cc/240hp Bosch FI",Jul 2026,"$1,800,000","$1,933,333","$1,666,667","$1,400,000","$1,533,333","$1,256,667","$970,000","$1,113,333","$924,333","$833,000","$878,667","$787,333",0%,0%,-11.8%,Jul 2026,"$970,000",Apr 2026,"$970,000",Jan 2026,"$970,000",Oct 2025,"$970,000",yes,+$100k for Rudge wheels; +$20k for fitted luggage; +$75k for hard top; +$2.5k for Becker radio
23,1965,Austin-Healey,3000 Mk III,https://www.hagerty.com/valuation-tools/austin~healey/3000/1965/1965-austin~healey-3000-mk_iii_bj8_ph2?id=aCn1I000000DUczSAG,"2dr Convertible, 6-cyl. 2912cc/150hp 2x1bbl",Jul 2026,"$118,000","$132,867","$103,133","$73,400","$88,267","$62,067","$39,400","$50,733","$33,933","$23,000","$28,467","$17,533",0%,-6%,-12.2%,Jul 2026,"$39,400",Apr 2026,"$39,400",Jan 2026,"$40,200",Oct 2025,"$42,300",yes,
24,1967,Alfa Romeo,Giulia Sprint GT Veloce,https://www.hagerty.com/valuation-tools/alfa_romeo/giulia/1967/1967-alfa_romeo-giulia-sprint_gtv?id=aCn1I000000CuaOSAS,"2dr Coupe, 4-cyl. 1570cc/125hp 2x2bbl",Jul 2026,"$132,000","$147,267","$116,733","$86,200","$101,467","$75,233","$53,300","$64,267","$44,967","$28,300","$36,633","$19,967",0%,+6%,+3.5%,Jul 2026,"$53,300",Apr 2026,"$53,300",Jan 2026,"$58,600",Oct 2025,"$53,800",yes,GTV = GT Veloce
25,1972,Datsun,240Z,https://www.hagerty.com/valuation-tools/datsun/240z/1972/1972-datsun-240z-base?id=aCn1I000000DO2VSAW,"2dr Coupe, 6-cyl. 2393cc/151hp 2x1bbl",Jul 2026,"$151,000","$181,233","$120,767","$60,300","$90,533","$48,167","$23,900","$36,033","$19,267","$10,000","$14,633","$5,367",-10.2%,-0.8%,-16.1%,Jul 2026,"$23,900",Apr 2026,"$26,600",Jan 2026,"$25,300",Oct 2025,"$25,300",yes,-15% for auto transmission
26,1967,Volkswagen,Beetle,https://www.hagerty.com/valuation-tools/volkswagen/beetle/1967/1967-volkswagen-beetle-base?id=aCn1I000000DSBeSAO,"2dr Sedan, 4-cyl. 1493cc/53hp 1bbl",Jul 2026,"$75,000","$84,733","$65,267","$45,800","$55,533","$36,633","$18,300","$27,467","$15,067","$8,600","$11,833","$5,367",+5.2%,-6.2%,-14.5%,Jul 2026,"$18,300",Apr 2026,"$17,400",Jan 2026,"$17,600",Oct 2025,"$18,700",yes,+7% for sunroof (not applied). Value-history chart tooltips could not be reliably verified.
27,1973,BMW,2002tii,https://www.hagerty.com/valuation-tools/bmw/2002tii/1973/1973-bmw-2002tii-base?id=aCn1I000000CwmMSAS,"2dr Sedan, 4-cyl. 1990cc/130hp MFI",Jul 2026,"$121,000","$135,067","$106,933","$78,800","$92,867","$64,167","$34,900","$49,533","$27,400","$12,400","$19,900","$4,900",0%,-3.1%,-9.4%,Jul 2026,"$34,900",Apr 2026,"$34,900",Jan 2026,"$34,200",Oct 2025,"$36,000",yes,"-15% for auto transmission, +15% for sunroof (not applied). Value-history chart tooltips could not be reliably verified. | -15% for auto transmission; +15% for sunroof"
28,1964,Ferrari,250 GT Lusso,https://www.hagerty.com/valuation-tools/ferrari/250_gt/1964/1964-ferrari-250_gt-lusso?id=aCn1I000000DWdOSAW,"2dr Coupe, 12-cyl. 2953cc/240hp 3 Weber Carbs",Jul 2026,"$2,200,000","$2,400,000","$2,000,000","$1,600,000","$1,800,000","$1,400,000","$1,000,000","$1,200,000","$935,000","$805,000","$870,000","$740,000",0%,0%,-20%,Jul 2026,"$1,000,000",Apr 2026,"$1,000,000",Jan 2026,"$1,000,000",Oct 2025,"$1,000,000",yes,No adjustments available. Value-history chart tooltips could not be reliably verified.
29,1972,Ferrari,365 GTB/4 Daytona coupe,https://www.hagerty.com/valuation-tools/ferrari/365_gtb!!4/1972/1972-ferrari-365_gtb!!4-daytona?id=aCn1I000000DOEWSA4,"2dr Coupe, 12-cyl. 4390cc/352hp 6 Weber Carbs",Jul 2026,"$790,000","$830,000","$750,000","$670,000","$710,000","$621,667","$525,000","$573,333","$501,000","$453,000","$477,000","$429,000",+1.9%,-3.7%,-15.3%,Jul 2026,"$525,000",Apr 2026,"$515,000",Jan 2026,"$545,000",Oct 2025,"$545,000",yes,"+$8k for wire wheels, -$25k for no a/c, +6% for original plexiglass headlights (not applied). Value-history chart tooltips could not be reliably verified. | +$8k for wire wheels; -$25k for no a/c; +6% for original plexiglass headlights"
30,1969,Lamborghini,Miura P400S,https://www.hagerty.com/valuation-tools/lamborghini/miura/1969/1969-lamborghini-miura-p400_s?id=aCn1I000000D3C5SAK,"2dr Coupe, 12-cyl. 3929cc/370hp 4x3bbl Weber",Jul 2026,"$3,600,000","$3,833,333","$3,366,667","$2,900,000","$3,133,333","$2,666,667","$2,200,000","$2,433,333","$2,016,667","$1,650,000","$1,833,333","$1,466,667",0%,+7.3%,+37.5%,Jul 2026,"$2,200,000",Apr 2026,"$2,200,000",Jan 2026,"$2,050,000",Oct 2025,"$2,050,000",yes,Value-history chart tooltips could not be reliably verified. | +$50k for vented disc brakes; +$150k for factory a/c; SPEC DIFFERS
31,1979,Porsche,930 Turbo,https://www.hagerty.com/valuation-tools/porsche/911/1979/1979-porsche-911-carrera_turbo?id=aCn1I000000CuQbSAK,"2dr Coupe, 6-cyl. 3299cc/265hp FI",Jul 2026,"$245,000","$265,000","$225,000","$185,000","$205,000","$169,333","$138,000","$153,667","$113,667","$65,000","$89,333","$40,667",0%,0%,+61.2%,Jul 2026,"$138,000",Apr 2026,"$138,000",Jan 2026,"$138,000",Oct 2025,"$138,000",substituted,"+5% for original bright trim (not applied). HVT lists 1979 911 Turbo as Carrera Turbo, substituted for requested 930 Turbo. Value-history chart tooltips could not be reliably verified."
32,1987,Porsche,911 Carrera coupe G50,https://www.hagerty.com/valuation-tools/porsche/911/1987/1987-porsche-911-carrera?id=aCn1I000000CuEMSA0,"2dr Coupe, 6-cyl. 3165cc/214hp Bosch Motronic FI",Jul 2026,"$150,000","$161,000","$139,000","$117,000","$128,000","$103,000","$75,000","$89,000","$66,667","$50,000","$58,333","$41,667",0%,-6.3%,0%,Jul 2026,"$75,000",Apr 2026,"$75,000",Jan 2026,"$75,000",Oct 2025,"$80,000",substituted,"+15% for cars finished in Summer Yellow, +25% for turbo look (not applied). HVT has no separate G50 trim page, used generic 1987 Carrera 2dr Coupe. Value-history chart tooltips could not be reliably verified. | +15% for cars finished in Summer Yellow; +25% for turbo look"
33,1989,Porsche,911 Speedster,https://www.hagerty.com/valuation-tools/porsche/911/1989/1989-porsche-911-carrera?id=aCn1I000000DOCVSA4,"2dr Speedster, 6-cyl. 3165cc/214hp FI",Jul 2026,"$345,000","$366,667","$323,333","$280,000","$301,667","$251,000","$193,000","$222,000","$168,667","$120,000","$144,333","$95,667",0%,+3.2%,+12.2%,Jul 2026,"$193,000",Apr 2026,"$193,000",Jan 2026,"$193,000",Oct 2025,"$195,000",yes,+$1.5k for Anniversary models (not applied). HVT configuration is 2dr Speedster. Value-history chart tooltips could not be reliably verified.
34,1994,Porsche,911 Turbo 3.6 (964),https://www.hagerty.com/valuation-tools/porsche/911/1994/1994-porsche-911-carrera_turbo?id=aCn1I000000Cs7uSAC,"2dr Coupe, 6-cyl. 3601cc/355hp Turbo",Jul 2026,"$650,000","$691,667","$608,333","$525,000","$566,667","$481,667","$395,000","$438,333","$338,333","$225,000","$281,667","$168,333",0%,+12.2%,+52.5%,Jul 2026,"$395,000",Apr 2026,"$395,000",Jan 2026,"$395,000",Oct 2025,"$395,000",yes,-10% for Tiptronic (not applied). Spec confirms Turbo 3.6 (3601cc). Value-history chart tooltips could not be reliably verified.
35,1995,Porsche,928 GTS,https://www.hagerty.com/valuation-tools/porsche/928/1995/1995-porsche-928-gts?id=aCn1I000000Ct6JSAS,"2dr Coupe, 8-cyl. 5397cc/350hp Bosch FI",Jul 2026,"$295,000","$330,000","$260,000","$190,000","$225,000","$170,000","$130,000","$150,000","$111,667","$75,000","$93,333","$56,667",+16.1%,+8.3%,+47.7%,Jul 2026,"$130,000",Apr 2026,"$112,000",Jan 2026,"$112,000",Oct 2025,"$120,000",yes,-50% for auto transmission (not applied). Value-history chart tooltips could not be reliably verified.
36,1987,Porsche,944 Turbo,https://www.hagerty.com/valuation-tools/porsche/944/1987/1987-porsche-944-turbo?id=aCn1I000000DHpFSAW,"2dr Coupe, 4-cyl. 2479cc/220hp Bosch FI",Jul 2026,"$70,000","$77,667","$62,333","$47,000","$54,667","$38,667","$22,000","$30,333","$18,667","$12,000","$15,333","$8,667",0%,0%,+10%,Jul 2026,"$22,000",Apr 2026,"$22,000",Jan 2026,"$22,000",Oct 2025,"$22,000",yes,No adjustments available. Value-history chart tooltips could not be reliably verified.
37,1989,Ferrari,Testarossa,https://www.hagerty.com/valuation-tools/ferrari/testarossa/1989/1989-ferrari-testarossa-base?id=aCn1I000000CskqSAC,"2dr Coupe, 12-cyl. 4943cc/390hp MFI",Jul 2026,"$291,000","$315,000","$267,000","$219,000","$243,000","$198,667","$158,000","$178,333","$147,000","$125,000","$136,000","$114,000",0%,+3.9%,+14.5%,Jul 2026,"$158,000",Apr 2026,"$158,000",Jan 2026,"$152,000",Oct 2025,"$152,000",yes,No adjustments available. Value-history chart tooltips could not be reliably verified.
38,1991,Ferrari,348 TS,https://www.hagerty.com/valuation-tools/ferrari/348_ts/1991/1991-ferrari-348_ts-base?id=aCn1I000000DFCCSA4,"2dr Targa-Top, 8-cyl. 3405cc/300hp Bosch Motronic PFI",Jul 2026,"$113,000","$116,667","$109,333","$102,000","$105,667","$96,100","$84,300","$90,200","$75,533","$58,000","$66,767","$49,233",0%,+4.1%,+9.2%,Jul 2026,"$84,300",Apr 2026,"$84,300",Jan 2026,"$82,600",Oct 2025,"$82,600",yes,No adjustments available. Value-history chart tooltips could not be reliably verified. | SPEC DIFFERS
39,1985,Ferrari,308 GTS QV,https://www.hagerty.com/valuation-tools/ferrari/308_gts/1985/1985-ferrari-308_gts-quattrovalvole?id=aCn1I000000DPLUSA4,"2dr Spider, 8-cyl. 2927cc/230hp FI",Jul 2026,"$166,000","$174,000","$158,000","$142,000","$150,000","$129,333","$104,000","$116,667","$90,033","$62,100","$76,067","$48,133",0%,-2.8%,+5.4%,Jul 2026,"$104,000",Apr 2026,"$104,000",Jan 2026,"$104,000",Oct 2025,"$103,000",yes,No adjustments available. QV equals Quattrovalvole. Value-history chart tooltips could not be reliably verified.
40,1991,BMW,M3 (E30),https://www.hagerty.com/valuation-tools/bmw/m3/1991/1991-bmw-m3-base?id=aCn1I000000DRrYSAW,"2dr Coupe, 4-cyl. 2302cc/192hp PFI",Jul 2026,"$231,000","$260,333","$201,667","$143,000","$172,333","$117,867","$67,600","$92,733","$57,700","$37,900","$47,800","$28,000",+3%,+5%,-7.7%,Jul 2026,"$67,600",Apr 2026,"$65,600",Jan 2026,"$68,300",Oct 2025,"$68,300",yes,No adjustments available. Generation 1986-1992 BMW M3 (E30). Value-history chart tooltips could not be reliably verified.
41,1988,BMW,M5 (E28),https://www.hagerty.com/valuation-tools/bmw/m5/1988/1988-bmw-m5-base?id=aCn1I000000DUukSAG,"4dr Sedan, 6-cyl. 3453cc/256hp FI",Jul 2026,"$191,000","$215,667","$166,333","$117,000","$141,667","$97,167","$57,500","$77,333","$44,467","$18,400","$31,433","$5,367",0%,+35.3%,+3.4%,Jul 2026,"$57,500",Apr 2026,"$57,500",Jan 2026,"$47,900",Oct 2025,"$48,900",yes,No adjustments available. Generation 1988 BMW M5 (E28). Trends verified from rendered chart tooltips.
42,1995,BMW,M3 coupe (E36),https://www.hagerty.com/valuation-tools/bmw/m3/1995/1995-bmw-m3-base?id=aCn1I000000CsTZSA0,"2dr Coupe, 6-cyl. 3152cc/240hp FI",Jul 2026,"$99,800","$112,633","$86,967","$61,300","$74,133","$50,300","$28,300","$39,300","$22,467","$10,800","$16,633","$4,967",+1.1%,-2.7%,-4.1%,Jul 2026,"$28,300",Apr 2026,"$28,000",Jan 2026,"$28,100",Oct 2025,"$26,500",yes,"-15% for auto transmission, +50% for Euro specification (not applied). Generation 1995-1999 BMW M3 (E36). Jul 2026 trend not verified, left blank. | -15% for auto transmission; +50% for Euro specification"
43,1990,Mercedes-Benz,560SL,https://www.hagerty.com/valuation-tools/mercedes~benz/560sl/1989/1989-mercedes~benz-560sl-base?id=aCn1I000000DCf6SAG,"2dr Roadster, 8-cyl. 5549cc/227hp MFI",Jul 2026,"$143,000","$172,300","$113,700","$55,100","$84,400","$44,533","$23,400","$33,967","$18,333","$8,200","$13,267","$3,133",0%,-4.1%,-3.3%,Jul 2026,"$23,400",Apr 2026,"$23,400",Jan 2026,"$24,400",Oct 2025,"$24,400",substituted,"HVT has no 1990 560SL, 560SL was 1986-1989 R107, using 1989 last model year. No adjustments available."
44,1992,Mercedes-Benz,500E,https://www.hagerty.com/valuation-tools/mercedes~benz/500e/1992/1992-mercedes~benz-500e-base?id=aCn1I000000Cv88SAC,"4dr Sedan, 8-cyl. 4983cc/315hp MPFI",Jul 2026,"$116,000","$128,967","$103,033","$77,100","$90,067","$64,567","$39,500","$52,033","$30,700","$13,100","$21,900","$4,300",0%,0%,+2.3%,Jul 2026,"$39,500",Apr 2026,"$39,500",Jan 2026,"$39,500",Oct 2025,"$39,500",yes,No adjustments available. Generation 1984-1995 Mercedes-Benz W124.
45,1994,Toyota,Supra Turbo,https://www.hagerty.com/valuation-tools/toyota/supra/1994/1994-toyota-supra-mk_iv_turbo?id=aCn1I000000DADMSA4,"2dr Coupe, 6-cyl. 2997cc/320hp FI Twin Turbo",Jul 2026,"$284,000","$321,333","$246,667","$172,000","$209,333","$144,000","$88,000","$116,000","$76,233","$52,700","$64,467","$40,933",0%,-4.3%,-8.7%,Jul 2026,"$88,000",Apr 2026,"$88,000",Jan 2026,"$100,000",Oct 2025,"$100,000",yes,-15% for auto transmission (not applied). Generation 1993-1998 Toyota Supra.
46,1993,Mazda,RX-7,https://www.hagerty.com/valuation-tools/mazda/rx~7/1993/1993-mazda-rx~7-base?id=aCn1I000000CrIpSAK,"2dr Coupe, 2-cyl. 1308cc/255hp Twin Turbo",Jul 2026,"$84,300","$91,433","$77,167","$62,900","$70,033","$56,100","$42,500","$49,300","$35,700","$22,100","$28,900","$15,300",0%,+6%,+2.7%,Jul 2026,"$42,500",Apr 2026,"$42,500",Jan 2026,"$42,500",Oct 2025,"$40,100",yes,"-10% for automatic transmission, +8% for R1 Package, +5% for touring package (not applied). Generation 1993-2002 Mazda RX-7. | -10% for automatic transmission; +8% for R1 Package; +5% for touring package"
47,1991,Acura,NSX,https://www.hagerty.com/valuation-tools/acura/nsx/1991/1991-acura-nsx-base?id=aCn1I000000CuGBSA0,"2dr Coupe, 6-cyl. 2977cc/270hp PGM-FI",Jul 2026,"$187,000","$207,000","$167,000","$127,000","$147,000","$108,167","$70,500","$89,333","$61,933","$44,800","$53,367","$36,233",+7%,+7%,+3.5%,Jul 2026,"$70,500",Apr 2026,"$65,900",Jan 2026,"$65,900",Oct 2025,"$65,900",yes,-5% for auto transmission (not applied). Generation 1991-1996 Acura NSX.
48,1990,Nissan,300ZX Twin Turbo,https://www.hagerty.com/valuation-tools/nissan/300zx/1990/1990-nissan-300zx-turbo?id=aCn1I000000CxBqSAK,"2dr T-Roof, 6-cyl. 2960cc/300hp Turbo SFI",Jul 2026,"$70,800","$77,133","$64,467","$51,800","$58,133","$43,700","$27,500","$35,600","$21,400","$9,200","$15,300","$3,100",0%,+5%,+13.6%,Jul 2026,"$27,500",Apr 2026,"$27,500",Jan 2026,"$26,200",Oct 2025,"$26,200",yes,-15% for auto transmission (not applied). HVT lists Twin Turbo as Turbo. Generation 1990-1996 Nissan 300ZX.
49,1987,Buick,Grand National,https://www.hagerty.com/valuation-tools/buick/regal/1987/1987-buick-regal-grand_national?id=aCn1I000000Ct4lSAC,"2dr Coupe, 6-cyl. 231cid/245hp Turbo SFI",Jul 2026,"$96,900","$103,833","$89,967","$76,100","$83,033","$64,433","$41,100","$52,767","$35,833","$25,300","$30,567","$20,033",0%,+10.2%,-4.9%,Jul 2026,"$41,100",Apr 2026,"$41,100",Jan 2026,"$39,500",Oct 2025,"$39,500",yes,No adjustments available. Generation 1978-1987 Buick Regal.
50,1990,Chevrolet,Corvette ZR-1,https://www.hagerty.com/valuation-tools/chevrolet/corvette/1990/1990-chevrolet-corvette-zr~1?id=aCn1I000000CyvjSAC,"2dr Coupe, 8-cyl. 350cid/375hp TPI",Jul 2026,"$71,800","$77,967","$65,633","$53,300","$59,467","$43,133","$22,800","$32,967","$19,800","$13,800","$16,800","$10,800",-4.2%,-1.3%,-3%,Jul 2026,"$22,800",Apr 2026,"$23,800",Jan 2026,"$23,800",Oct 2025,"$23,800",yes,No adjustments available. Generation 1984-1996 Chevrolet Corvette.
51,1985,Chevrolet,Camaro IROC-Z,https://www.hagerty.com/valuation-tools/chevrolet/camaro/1985/1985-chevrolet-camaro-iroc~z?id=aCn1I000000DOcoSAG,"2dr Sport Coupe, 8-cyl. 305cid/215hp TPI",Jul 2026,"$51,200","$56,300","$46,100","$35,900","$41,000","$30,333","$19,200","$24,767","$16,433","$10,900","$13,667","$8,133",0%,+12.3%,-9.9%,Jul 2026,"$19,200",Apr 2026,"$19,200",Jan 2026,"$17,100",Oct 2025,"$17,100",yes,-50% for 4-cyl; +10% for T-tops (not applied)
52,1993,Ford,Mustang SVT Cobra,https://www.hagerty.com/valuation-tools/ford/mustang/1993/1993-ford-mustang-5.0_svt_cobra?id=aCn1I000000DCgESAW,"3dr Hatchback, 8-cyl. 302cid/235hp SFI",Jul 2026,"$132,000","$152,233","$111,767","$71,300","$91,533","$60,700","$39,500","$50,100","$31,967","$16,900","$24,433","$9,367",0%,0%,-2%,Jul 2026,"$39,500",Apr 2026,"$39,500",Jan 2026,"$39,500",Oct 2025,"$39,500",yes,No adjustments available
53,1989,Jeep,Grand Wagoneer,https://www.hagerty.com/valuation-tools/jeep/grand_wagoneer/1989/1989-jeep-grand_wagoneer-base?id=aCn1I000000DJYDSA4,"4dr Station Wagon 4x4, 8-cyl. 360cid/144hp 2bbl OHV",Jul 2026,"$82,300","$92,700","$71,900","$51,100","$61,500","$42,600","$25,600","$34,100","$20,133","$9,200","$14,667","$3,733",+8%,+8.9%,-26.4%,Jul 2026,"$25,600",Apr 2026,"$23,700",Jan 2026,"$21,900",Oct 2025,"$21,900",yes,No adjustments available
54,1997,Land Rover,Defender 90 NAS,https://www.hagerty.com/valuation-tools/land_rover/defender_90_(truck)/1997/1997-land_rover-defender_90_(truck)-base?id=aCn1I000000DLPPSA4,"2dr Wagon 4x4, 8-cyl. 3950cc/182hp MFI OHV",Jul 2026,"$160,000","$183,067","$136,933","$90,800","$113,867","$77,467","$50,800","$64,133","$45,067","$33,600","$39,333","$27,867",+4.1%,-7%,-32.1%,Jul 2026,"$50,800",Apr 2026,"$48,800",Jan 2026,"$48,800",Oct 2025,"$51,900",substituted,HVT page is Defender 90 (truck) Base; no HVT result explicitly labeled NAS. No adjustments available
55,1985,Toyota,Land Cruiser FJ60,https://www.hagerty.com/valuation-tools/toyota/land_cruiser/1985/1985-toyota-land_cruiser-fj60?id=aCn1I000000Cx0fSAC,"4dr Station Wagon 4x4, 6-cyl. 4230cc/135hp 2bbl",Jul 2026,"$95,900","$107,667","$84,133","$60,600","$72,367","$48,667","$24,800","$36,733","$18,500","$5,900","$12,200",,0%,-15.1%,-20%,Jul 2026,"$24,800",Apr 2026,"$24,800",Jan 2026,"$26,100",Oct 2025,"$26,900",yes,No adjustments available. v4 Lo not shown on page (dash)
56,1991,Lamborghini,Diablo,https://www.hagerty.com/valuation-tools/lamborghini/diablo/1991/1991-lamborghini-diablo-base?id=aCn1I000000CvUtSAK,"2dr Coupe, 12-cyl. 5707cc/485hp SMPFI",Jul 2026,"$385,000","$414,667","$355,333","$296,000","$325,667","$279,000","$245,000","$262,000","$212,000","$146,000","$179,000","$113,000",+5.2%,+8.4%,+45%,Jul 2026,"$245,000",Apr 2026,"$233,000",Jan 2026,"$233,000",Oct 2025,"$233,000",yes,No adjustments available
57,1993,Dodge,Viper RT/10,https://www.hagerty.com/valuation-tools/dodge/viper/1993/1993-dodge-viper-rt!!10?id=aCn1I000000D96xSAC,"2dr Roadster, 10-cyl. 488cid/400hp SFI",Jul 2026,"$69,100","$77,700","$60,500","$43,300","$51,900","$40,267","$34,200","$37,233","$30,300","$22,500","$26,400","$18,600",0%,-7.1%,-18.2%,Jul 2026,"$34,200",Apr 2026,"$34,200",Jan 2026,"$35,300",Oct 2025,"$36,400",yes,No adjustments available
58,1997,Porsche,911 Turbo (993),https://www.hagerty.com/valuation-tools/porsche/911/1997/1997-porsche-911-turbo?id=aCn1I000000DKaESAW,"2dr Coupe, 6-cyl. 3601cc/400hp Turbo",Jul 2026,"$475,000","$520,000","$430,000","$340,000","$385,000","$305,000","$235,000","$270,000","$206,667","$150,000","$178,333","$121,667",0%,+6.8%,+31.3%,Jul 2026,"$235,000",Apr 2026,"$235,000",Jan 2026,"$235,000",Oct 2025,"$235,000",yes,"HVT lists 1 add adjustment, details not captured. Apr 2026 and Jan 2026 chart tooltips not reliably readable, left blank | -15% for Tiptronic"
59,1999,Porsche,911 Carrera coupe (996),https://www.hagerty.com/valuation-tools/porsche/911/1999/1999-porsche-911-carrera?id=aCn1I000000DDiVSAW,"2dr Coupe, 6-cyl. 3387cc/296hp BMI",Jul 2026,"$65,000","$71,667","$58,333","$45,000","$51,667","$40,000","$30,000","$35,000","$26,333","$19,000","$22,667","$15,333",+11.1%,+11.1%,+3.4%,Jul 2026,"$30,000",Apr 2026,"$27,000",Jan 2026,"$27,000",Oct 2025,"$27,000",yes,"HVT lists 3 add adjustments, details not captured. Apr 2026 chart tooltip not reliably readable, left blank | +35% for documented factory XAA aero kit; -15% for tiptronic transmission; -15% for any non-turbo 996 without a documented intermediate shaft bearing remedy"
60,2004,Porsche,911 GT3 (996),https://www.hagerty.com/valuation-tools/porsche/911/2004/2004-porsche-911-gt3?id=aCn1I000000DO1PSAW,"2dr Coupe, 6-cyl. 3600cc/385hp Bosch ME-7.8 FI",Jul 2026,"$205,000","$216,667","$193,333","$170,000","$181,667","$155,000","$125,000","$140,000","$106,333","$69,000","$87,667","$50,333",+5.9%,+35.9%,+39.7%,Jul 2026,"$125,000",Apr 2026,"$118,000",Jan 2026,"$118,000",Oct 2025,"$92,000",yes,"HVT lists 1 add adjustment, details not captured. Apr 2026 chart tooltip not reliably readable, left blank | -15% for any non-turbo 996 without a documented intermediate shaft bearing remedy"
61,2007,Porsche,911 GT3 (997.1),https://www.hagerty.com/valuation-tools/porsche/911/2007/2007-porsche-911-gt3?id=aCn1I000000DHnMSAW,"2dr Coupe, 6-cyl. 3596cc/415hp Bosch ME-7.8 FI",Jul 2026,"$192,000","$197,667","$186,333","$175,000","$180,667","$164,667","$144,000","$154,333","$125,333","$88,000","$106,667","$69,333",0%,0%,+26.3%,Jul 2026,"$144,000",Apr 2026,"$144,000",Jan 2026,"$144,000",Oct 2025,"$144,000",yes,-15% for Tiptronic as shown on HVT page (GT3 is manual-only)
62,2004,Porsche,Carrera GT,https://www.hagerty.com/valuation-tools/porsche/carrera_gt/2004/2004-porsche-carrera_gt-base?id=aCn1I000000DV8tSAG,"2dr Coupe, 10-cyl. 5733cc/605hp Bosch ME-7.1.1 FI",Jul 2026,"$3,450,000","$3,716,667","$3,183,333","$2,650,000","$2,916,667","$2,533,333","$2,300,000","$2,416,667","$2,100,000","$1,700,000","$1,900,000","$1,500,000",+4.5%,+91.7%,+100%,Jul 2026,"$2,300,000",Apr 2026,"$2,200,000",Jan 2026,"$1,400,000",Oct 2025,"$1,350,000",yes,Paint to Sample colors may add 50-100%. HVT lists 1 add adjustment | Note: Paint to Sample colors may add 50% to 100% to base values depending on how bright or uncommon
63,2001,BMW,M3 coupe manual (E46),https://www.hagerty.com/valuation-tools/bmw/m3/2001/2001-bmw-m3-base?id=aCn1I000000DB0ASAW,"2dr Coupe, 6-cyl. 3246cc/333hp MFI",Jul 2026,"$88,900","$98,800","$79,000","$59,200","$69,100","$49,400","$29,800","$39,600","$25,367","$16,500","$20,933","$12,067",-3.9%,+6%,+0.3%,Jul 2026,"$29,800",Apr 2026,"$31,000",Jan 2026,"$29,200",Oct 2025,"$27,000",yes,"HVT lists 2 add adjustments, details not captured. Jul 2026 chart tooltip not reliably readable, left blank | -25% for SMG; +20% for Laguna Seca Blue"
64,2003,BMW,M5 (E39),https://www.hagerty.com/valuation-tools/bmw/m5/2003/2003-bmw-m5-base?id=aCn1I000000DMprSAG,"4dr Sedan, 8-cyl. 4941cc/394hp MFI",Jul 2026,"$194,000","$220,667","$167,333","$114,000","$140,667","$92,400","$49,200","$70,800","$38,100","$15,900","$27,000","$4,800",+7%,+27.5%,+9.1%,Jul 2026,"$49,200",Apr 2026,"$46,000",Jan 2026,"$44,200",Oct 2025,"$41,300",yes,No adjustments available
65,2000,BMW,Z3 M Coupe,https://www.hagerty.com/valuation-tools/bmw/m_coupe/2000/2000-bmw-m_coupe-base?id=aCn1I000000CuTvSAK,"2dr Hatchback, 6-cyl. 3246cc/240hp MFI",Jul 2026,"$81,800","$89,167","$74,433","$59,700","$67,067","$51,167","$34,100","$42,633","$29,433","$20,100","$24,767","$15,433",-3.1%,+5.6%,-6.8%,Jul 2026,"$34,100",Apr 2026,"$35,200",Jan 2026,"$32,900",Oct 2025,"$31,300",yes,"HVT lists as M Coupe, generation 1999-2002 BMW M Coupe (E36), i.e. Z3 M Coupe. No adjustments available"
66,2001,Honda,S2000,https://www.hagerty.com/valuation-tools/honda/s2000/2001/2001-honda-s2000-base?id=aCn1I000000DI9MSAW,"2dr Convertible, 4-cyl. 1997cc/240hp PGM-FI",Jul 2026,"$51,300","$53,867","$48,733","$43,600","$46,167","$37,833","$26,300","$32,067","$23,033","$16,500","$19,767","$13,233",0%,+3.1%,+10.5%,Jul 2026,"$26,300",Apr 2026,"$26,300",Jan 2026,"$26,300",Oct 2025,"$25,800",yes,No adjustments available
67,2005,Ford,GT,https://www.hagerty.com/valuation-tools/ford/gt/2005/2005-ford-gt-base?id=aCn1I000000DUKgSAO,"2dr Coupe, 8-cyl. 330cid/550hp EFI DOHC Supercharged Alum.",Jul 2026,"$695,000","$730,333","$659,667","$589,000","$624,333","$562,667","$510,000","$536,333","$466,333","$379,000","$422,667","$335,333",+25%,+36.4%,+33.2%,Jul 2026,"$510,000",Apr 2026,"$408,000",Jan 2026,"$408,000",Oct 2025,"$374,000",yes,+$4k for factory BBS wheels; +$3k for factory stripes; +$2.5k for McIntosh audiophile system; +$900 for painted calipers (not applied)
68,2002,Chevrolet,Corvette Z06 (C5),https://www.hagerty.com/valuation-tools/chevrolet/corvette/2002/2002-chevrolet-corvette-z06?id=aCn1I000000DRbISAW,"2dr Hardtop Coupe, 8-cyl. 5.7L 346cid/405hp SFI",Jul 2026,"$61,700","$69,367","$54,033","$38,700","$46,367","$33,833","$24,100","$28,967","$20,467","$13,200","$16,833","$9,567",0%,-0.8%,-16%,Jul 2026,"$24,100",Apr 2026,"$24,100",Jan 2026,"$24,100",Oct 2025,"$24,100",yes,No adjustments available
69,2006,Chevrolet,Corvette Z06 (C6),https://www.hagerty.com/valuation-tools/chevrolet/corvette/2006/2006-chevrolet-corvette-z06?id=aCn1I000000D4WnSAK,"2dr Coupe, 8-cyl. 427cid/505hp SFI",Jul 2026,"$75,300","$82,033","$68,567","$55,100","$61,833","$49,633","$38,700","$44,167","$34,467","$26,000","$30,233","$21,767",+4%,+7.2%,+8.7%,Jul 2026,"$38,700",Apr 2026,"$37,200",Jan 2026,"$37,200",Oct 2025,"$37,200",yes,-10% for auto transmission (not applied)
70,2005,Mercedes-Benz,SLR McLaren,https://www.hagerty.com/valuation-tools/mercedes~benz/slr_mclaren/2005/2005-mercedes~benz-slr_mclaren-base?id=aCn1I000000DVROSA4,"2dr Coupe, 8-cyl. 5439cc/626hp Bosch ME-2.8.1 Supercharged",Jul 2026,"$454,000","$490,000","$418,000","$346,000","$382,000","$320,333","$269,000","$294,667","$247,667","$205,000","$226,333","$183,667",0%,+3.9%,-2.5%,Jul 2026,"$269,000",Apr 2026,"$269,000",Jan 2026,"$254,000",Oct 2025,"$254,000",yes,No adjustments available
71,2006,Ferrari,F430 coupe F1,https://www.hagerty.com/valuation-tools/ferrari/f430/2006/2006-ferrari-f430-base?id=aCn1I000000DU95SAG,"2dr Coupe, 8-cyl. 4308cc/490hp Bosch Me-7 EFI",Jul 2026,"$214,000","$227,333","$200,667","$174,000","$187,333","$162,000","$138,000","$150,000","$134,000","$126,000","$130,000","$122,000",+20%,+21.1%,+15%,Jul 2026,"$138,000",Apr 2026,"$115,000",Jan 2026,"$117,000",Oct 2025,"$117,000",yes,"+100% for factory manual transmission (not applied). Listed trim specifies F1 transmission, F1 was standard"
72,1999,Ferrari,550 Maranello,https://www.hagerty.com/valuation-tools/ferrari/550/1999/1999-ferrari-550-maranello?id=aCn1I000000DAStSAO,"2dr Coupe, 12-cyl. 5474cc/485hp BMI M5.2",Jul 2026,"$324,000","$340,333","$307,667","$275,000","$291,333","$250,667","$202,000","$226,333","$186,667","$156,000","$171,333","$140,667",+5.8%,+13.5%,+21%,Jul 2026,"$202,000",Apr 2026,"$191,000",Jan 2026,"$182,000",Oct 2025,"$182,000",yes,Note: Lack of verifiable owner and service history can greatly affect value
73,2004,Lamborghini,Gallardo,https://www.hagerty.com/valuation-tools/lamborghini/gallardo/2004/2004-lamborghini-gallardo-base?id=aCn1I000000DTt3SAG,"2dr Coupe, 10-cyl. 4961cc/500hp MFI",Jul 2026,"$165,000","$175,000","$155,000","$135,000","$145,000","$120,933","$92,800","$106,867","$87,800","$77,800","$82,800","$72,800",0%,-3.2%,+17.6%,Jul 2026,"$92,800",Apr 2026,"$92,800",Jan 2026,"$90,100",Oct 2025,"$90,100",yes,+50% for factory manual transmission (not applied)
74,2002,Acura,NSX,https://www.hagerty.com/valuation-tools/acura/nsx~t/2002/2002-acura-nsx~t-3.2l?id=aCn1I000000DDe5SAG,"2dr Targa, 6-cyl. 3179cc/290hp PFI",Jul 2026,"$332,000","$378,667","$285,333","$192,000","$238,667","$163,333","$106,000","$134,667","$89,500","$56,500","$73,000","$40,000",0%,+8.3%,+23%,Jul 2026,"$106,000",Apr 2026,"$106,000",Jan 2026,"$97,900",Oct 2025,"$97,900",substituted,Listed as NSX; HVT 2002 page is NSX-T 3.2L Targa (fixed-roof coupe not offered in 2002). -15% for auto transmission (not applied)
75,2009,Nissan,GT-R,https://www.hagerty.com/valuation-tools/nissan/gt~r/2009/2009-nissan-gt~r-base?id=aCn1I000000DIe7SAG,"2dr Coupe, 6-cyl. 3799cc/485hp SFI Twin Turbo",Jul 2026,"$80,400","$85,000","$75,800","$66,600","$71,200","$61,433","$51,100","$56,267","$45,567","$34,500","$40,033","$28,967",0%,+12.1%,+5.4%,Jul 2026,"$51,100",Apr 2026,"$51,100",Jan 2026,"$45,600",Oct 2025,"$45,600",yes,No adjustments available
76,2012,Lexus,LFA,https://www.hagerty.com/valuation-tools/lexus/lfa/2012/2012-lexus-lfa-base?id=aCn1I0000008eWMSAY,"2dr Coupe, 10-cyl. 4805cc/553hp FI",Jul 2026,"$1,150,000","$1,210,333","$1,089,667","$969,000","$1,029,333","$937,667","$875,000","$906,333","$853,667","$811,000","$832,333","$789,667",+25%,+25%,+19.7%,Jul 2026,"$875,000",Apr 2026,"$700,000",Jan 2026,"$700,000",Oct 2025,"$700,000",yes,"Jan 2026 and Oct 2025 chart tooltips could not be reliably read, left blank"
77,2006,Dodge,Viper SRT-10 coupe,https://www.hagerty.com/valuation-tools/dodge/viper/2006/2006-dodge-viper-srt~10?id=aCn1I000000DFTkSAO,"2dr Coupe, 10-cyl. 505cid/510hp SFI",Jul 2026,"$108,000","$117,467","$98,533","$79,600","$89,067","$69,600","$49,600","$59,600","$44,733","$35,000","$39,867","$30,133",0%,-3.3%,-7.1%,Jul 2026,"$49,600",Apr 2026,"$49,600",Jan 2026,"$51,700",Oct 2025,"$53,900",yes,"Jul 2026 and Oct 2025 chart tooltips could not be reliably read, left blank | +8% for Copperhead Edition; +8% for Mamba Edition"
78,2000,Toyota,Land Cruiser (100 series),https://www.hagerty.com/valuation-tools/toyota/land_cruiser/1997/1997-toyota-land_cruiser-fj80?id=aCn1I000000DJZuSAO,"4dr Station Wagon 4x4, 6-cyl. 4477cc/212hp MPI DOHC",Jul 2026,"$172,000","$208,533","$135,467","$62,400","$98,933","$48,733","$21,400","$35,067","$15,933","$10,467","$10,467",,+2.9%,-8.2%,-18%,Jul 2026,"$21,400",Apr 2026,"$20,800",Jan 2026,"$21,900",Oct 2025,"$22,600",substituted,"No 2000 100-series page in HVT; Toyota Land Cruiser section lists years 1968-1997 only. Used newest available year at or before 2000: 1997 Land Cruiser FJ80. The FJ80 (80 series) is one generation before the 100 series per HVT's model description. Value-history chart shows values without edition dates, trends left blank."
79,2011,Mercedes-Benz,SLS AMG coupe,https://www.hagerty.com/valuation-tools/mercedes~benz/sls_amg/2011/2011-mercedes~benz-sls_amg-base?id=aCn1I000000DU77SAG,"2dr Coupe, 8-cyl. 6208cc/563hp PFI",Jul 2026,"$311,000","$334,667","$287,333","$240,000","$263,667","$217,333","$172,000","$194,667","$151,667","$111,000","$131,333","$90,667",0%,-4.4%,-24.6%,Jul 2026,"$172,000",Apr 2026,"$172,000",Jan 2026,"$172,000",Oct 2025,"$172,000",yes,"Oct 2025 chart tooltip could not be reliably read, left blank"
80,2016,Porsche,911 GT3 RS (991.1),https://www.hagerty.com/valuation-tools/porsche/911/2016/2016-porsche-911-gt3_rs?id=aCn1I000000D8IQSA0,"2dr Coupe, 6-cyl. 3996cc/500hp EMS SDI 3.1 FI",Jul 2026,"$237,000","$252,667","$221,333","$190,000","$205,667","$175,667","$147,000","$161,333","$137,333","$118,000","$127,667","$108,333",0%,0%,0%,Jul 2026,"$147,000",Apr 2026,"$147,000",Jan 2026,"$147,000",Oct 2025,"$147,000",yes,"Apr 2026 and Oct 2025 chart tooltips could not be reliably read, left blank"
81,2019,Porsche,911 GT3 RS (991.2),https://www.hagerty.com/valuation-tools/porsche/911/2019/2019-porsche-911-gt3_rs?id=aCn1I000000DBm5SAG,"2dr Coupe, 6-cyl. 3996cc/520hp FI",Jul 2026,"$265,000","$282,333","$247,667","$213,000","$230,333","$197,000","$165,000","$181,000","$154,000","$132,000","$143,000","$121,000",0%,0%,0%,Jul 2026,"$165,000",Apr 2026,"$165,000",Jan 2026,"$165,000",Oct 2025,"$165,000",yes,"Jan 2026 and Oct 2025 chart tooltips could not be reliably read, left blank"
82,2018,Porsche,911 Carrera T (991.2),https://www.hagerty.com/valuation-tools/porsche/911/2018/2018-porsche-911-carrera_t?id=aCn1I000000DBMNSA4,"2dr Coupe, 6-cyl. 2981cc/370hp Twin Turbo",Jul 2026,"$128,000","$136,333","$119,667","$103,000","$111,333","$95,033","$79,100","$87,067","$73,967","$63,700","$68,833","$58,567",0%,0%,+1.3%,Jul 2026,"$79,100",Apr 2026,"$79,100",Jan 2026,"$79,100",,,yes,"Value-history chart present but tooltips could not be reliably read, trends left blank | -10% for PDK"
83,2016,Porsche,Cayman GT4 (981),https://www.hagerty.com/valuation-tools/porsche/cayman/2016/2016-porsche-cayman-gt4?id=aCn1I000000D9O8SAK,"2dr Coupe, 6-cyl. 3800cc/385hp Bosch Motronic SDI",Jul 2026,"$131,000","$135,667","$126,333","$117,000","$121,667","$114,000","$108,000","$111,000","$100,367","$85,100","$92,733","$77,467",+4.9%,+10.9%,+5.9%,Jul 2026,"$108,000",Apr 2026,"$103,000",Jan 2026,"$99,400",Oct 2025,"$98,200",yes,"Spec string not captured; Oct 2025 chart tooltip could not be reliably read, left blank"
84,2015,Porsche,918 Spyder,https://www.hagerty.com/valuation-tools/porsche/918_spyder/2015/2015-porsche-918_spyder-base?id=aCn1I000000D7UzSAK,"2dr Roadster, 8-cyl. 4593cc/887hp Bosch EFI Hybrid",Jul 2026,"$3,000,000","$3,250,000","$2,750,000","$2,250,000","$2,500,000","$2,150,000","$1,950,000","$2,050,000","$1,816,667","$1,550,000","$1,683,333","$1,416,667",+25.8%,+44.4%,+50%,Jul 2026,"$1,950,000",Apr 2026,"$1,550,000",Jan 2026,"$1,400,000",Oct 2025,"$1,400,000",yes,"Base (not Weissach) page; Oct 2025 chart tooltip could not be reliably read, left blank"
85,2017,Dodge,Viper GTS,https://www.hagerty.com/valuation-tools/dodge/viper/2017/2017-dodge-viper-gts?id=aCn1I000000DAB3SAO,"2dr Coupe, 10-cyl. 515cid/645hp SFI",Jul 2026,"$165,000","$166,667","$163,333","$160,000","$161,667","$158,667","$156,000","$157,333","$153,000","$147,000","$150,000","$144,000",+2.6%,+13%,-23.9%,Jul 2026,"$156,000",Apr 2026,"$152,000",Jan 2026,"$142,000",Oct 2025,"$142,000",yes,"Spec string not captured; Oct 2025 chart tooltip could not be reliably read, left blank"
86,2020,Ferrari,488 Pista,https://www.hagerty.com/valuation-tools/ferrari/488_pista/2020/2020-ferrari-488_pista-base?id=aCn1I000000XpG1SAK,"2dr Coupe, 8-cyl. 3902cc/710hp Twin Turbo",Jul 2026,"$935,000","$964,000","$906,000","$848,000","$877,000","$828,000","$788,000","$808,000","$739,000","$641,000","$690,000","$592,000",+15.5%,+42.5%,+45.9%,Jul 2026,"$788,000",Apr 2026,"$682,000",Jan 2026,"$526,000",Oct 2025,"$498,000",yes,
87,2013,Ferrari,458 Italia,https://www.hagerty.com/valuation-tools/ferrari/458_italia/2013/2013-ferrari-458_italia-base?id=aCn1I000000Csz9SAC,"2dr Coupe, 8-cyl. 4497cc/562hp EFI",Jul 2026,"$307,000","$316,333","$297,667","$279,000","$288,333","$255,333","$208,000","$231,667","$188,667","$150,000","$169,333","$130,667",0%,+5.1%,+11.2%,Jul 2026,"$208,000",Apr 2026,"$208,000",Jan 2026,"$204,000",Oct 2025,"$202,000",yes,"Value-history trends not captured, left blank"
88,2015,Ferrari,458 Speciale,https://www.hagerty.com/valuation-tools/ferrari/458_speciale/2015/2015-ferrari-458_speciale-base?id=aCn1I000000D7PySAK,"2dr Coupe, 8-cyl. 4497cc/597hp EFI",Jul 2026,"$1,200,000","$1,266,667","$1,133,333","$1,000,000","$1,066,667","$948,667","$846,000","$897,333","$811,333","$742,000","$776,667","$707,333",+20%,+88.8%,+114.7%,Jul 2026,"$846,000",Apr 2026,"$705,000",Jan 2026,"$470,000",Oct 2025,"$470,000",yes,"HVT labels trim Base (2dr coupe); A variant is Aperta spider. Value-history chart shown but tooltips did not render, trends blank."
89,2012,McLaren,MP4-12C,,,,,,,,,,,,,,,,,,,,,,,,,,,not_found,"MP4-12C not present in HVT: McLaren model list shows only F1, F1 LM, P1, Senna; searches returned 0 results"
90,2019,McLaren,720S,,,,,,,,,,,,,,,,,,,,,,,,,,,not_found,"720S not present in HVT: McLaren model list shows only F1, F1 LM, P1, Senna"
91,2015,Lamborghini,Huracan LP610-4,https://www.hagerty.com/valuation-tools/lamborghini/huracan/2015/2015-lamborghini-huracan-lp610~4?id=aCn1I000000D7QhSAK,"2dr Coupe, 10-cyl. 5204cc/610hp FI",Jul 2026,"$228,000","$234,333","$221,667","$209,000","$215,333","$204,333","$195,000","$199,667","$184,000","$162,000","$173,000","$151,000",+4.8%,-2%,-10.1%,Jul 2026,"$195,000",Apr 2026,"$186,000",Jan 2026,"$187,000",Oct 2025,"$198,000",yes,
92,2018,Lamborghini,Aventador S,,,,,,,,,,,,,,,,,,,,,,,,,,,not_found,"Aventador not listed in HVT, verified via search (0 results) and browse-by-make Lamborghini model list"
93,2014,Chevrolet,Corvette Stingray Z51,https://www.hagerty.com/valuation-tools/chevrolet/corvette/2014/2014-chevrolet-corvette-stingray?id=aCn1I000000CvMwSAK,"2dr Coupe, 8-cyl. 376cid/450hp SFI",Jul 2026,"$65,900","$70,733","$61,067","$51,400","$56,233","$46,833","$37,700","$42,267","$35,000","$29,600","$32,300","$26,900",0%,-6%,+1.9%,Jul 2026,"$37,700",Apr 2026,"$37,700",Jan 2026,"$38,500",Oct 2025,"$39,300",substituted,"No dedicated Z51 page in HVT, used 2014 Corvette Stingray 2dr Coupe. HVT states Z51 is a performance package (dry-sump lubrication, transmission cooler, close-ratio gearing, staggered aluminum wheels, bigger brakes, electronic LSD, different chassis tuning, Magnetic Ride Control). HVT Price Guide adjustments offer +5% for Z51 and -10% for automatic; values reported are base figures without adjustments applied. | +5% for Z51 performance package; -10% for automatic transmission"
94,2019,Chevrolet,Corvette ZR1,https://www.hagerty.com/valuation-tools/chevrolet/corvette/2019/2019-chevrolet-corvette-zr1?id=aCn1I000000DBFsSAO,"2dr Coupe, 8-cyl. 376cid/755hp Supercharged",Jul 2026,"$277,000","$302,000","$252,000","$202,000","$227,000","$178,667","$132,000","$155,333","$123,667","$107,000","$115,333","$98,667",-12%,-12%,-2.9%,Jul 2026,"$132,000",Apr 2026,"$150,000",Jan 2026,"$150,000",Oct 2025,"$150,000",substituted,Listed trim did not specify body style; HVT splits 2019 ZR1 into 2dr Coupe and 2dr Convertible pages. Used 2dr Coupe. | -20% for automatic transmission
95,2020,Chevrolet,Corvette Stingray (C8),https://www.hagerty.com/valuation-tools/chevrolet/corvette/2020/2020-chevrolet-corvette-stingray?id=aCn1I000000kOR1SAM,"2dr Coupe, 8-cyl. 376cid/495hp DI",Jul 2026,"$83,600","$86,633","$80,567","$74,500","$77,533","$72,400","$68,200","$70,300","$63,100","$52,900","$58,000","$47,800",+3.2%,+4.9%,-17.9%,Jul 2026,"$68,200",Apr 2026,"$66,100",Jan 2026,"$65,300",Oct 2025,"$66,100",substituted,"Listed trim did not specify body style or engine; HVT has multiple 2020 Stingray pages (2dr Coupe 495hp DI, 2dr Coupe 490hp DI, 2dr Convertible 490hp DI). Used 2dr Coupe 495hp DI best-match page."
96,2013,Ford,Shelby GT500,https://www.hagerty.com/valuation-tools/ford/mustang/2013/2013-ford-mustang-shelby_gt500?id=aCn1I000000CqHISA0,"2dr Coupe, 8-cyl. 351cid/650hp Supercharged",Jul 2026,"$94,300","$104,567","$84,033","$63,500","$73,767","$58,100","$47,300","$52,700","$42,567","$33,100","$37,833","$28,367",0%,+13.7%,+4.4%,Jul 2026,"$47,300",Apr 2026,"$47,300",Jan 2026,"$47,300",Oct 2025,"$48,300",substituted,HVT lists as Ford Mustang Shelby GT500; listed trim did not specify body style and HVT splits into 2dr Coupe and 2dr Convertible pages. Used 2dr Coupe.
97,2016,Ford,Shelby GT350R,https://www.hagerty.com/valuation-tools/ford/mustang/2016/2016-ford-mustang-shelby_gt350r?id=aCn1I000000D94iSAC,"2dr Coupe, 8-cyl. 315cid/526hp SFI",Jul 2026,"$94,100","$97,967","$90,233","$82,500","$86,367","$79,833","$74,500","$77,167","$67,967","$54,900","$61,433","$48,367",-0.7%,+13.9%,+3.6%,Jul 2026,"$74,500",Apr 2026,"$75,000",Jan 2026,"$71,300",Oct 2025,"$69,300",yes,"Only current-edition (Jul 2026) #2 tooltip value reliably readable, older trends left blank"
98,2018,Dodge,Challenger SRT Demon,https://www.hagerty.com/valuation-tools/dodge/challenger/2018/2018-dodge-challenger-srt_demon?id=aCn1I000000DAL3SAO,"2dr Coupe, 8-cyl. 376cid/840hp Supercharged",Jul 2026,"$128,000","$136,667","$119,333","$102,000","$110,667","$98,633","$91,900","$95,267","$89,767","$85,500","$87,633","$83,367",0%,0%,-21.5%,Jul 2026,"$91,900",Apr 2026,"$91,900",Jan 2026,"$91,900",Oct 2025,"$91,900",yes,"Only current-edition (Jul 2026) #2 tooltip value reliably readable, older trends left blank | +5% for special run High Impact colors; +5% for T/A or Shaker hood; +10% for manual transmission"
99,2019,BMW,M4 Competition coupe,,,,,,,,,,,,,,,,,,,,,,,,,,,not_found,"No 2019 BMW M4 in HVT, BMW model browse list includes M3, M5, M6 but no M4"
100,2017,Ford,Focus RS,,,,,,,,,,,,,,,,,,,,,,,,,,,not_found,"No Ford Focus in HVT, Ford model browse list has no Focus"
